latitude;longitude;Altitude;caida;Temperature_1;Temperature_2;Barometric_Pressure;pitch;rueda;yaw;Accelerometer_X;Accelerometer_Y;Accelerometer_Z
38.540634;-121.74678;3.1;1;28.605062;28.677401;1010.060249;1.6376;0.3588;-1.0856;0.0468;0.0351;-0.9945
38.540638;-121.74678;1.9;0;28.629052;28.677401;1010.130331;1.6284;0.3496;-1.058;0.0585;0.0351;-0.9789
38.540638;-121.746788;1.5;0;28.629052;28.677401;1010.055739;1.6376;0.3588;-1.0672;0.0546;0.0351;-0.9945
38.540638;-121.74678;1.5;0;28.635049;28.677401;1010.097937;1.6836;0.3772;-1.0488;0.0273;0.0234;-0.9945
38.540638;-121.74678;1.4;0;28.641046;28.69754;1010.088144;1.6284;0.368;-1.0856;0.039;0.0117;-0.9711
38.540638;-121.74678;1.4;1;28.641046;28.69754;1010.05424;1.656;0.368;-1.058;0.0468;0.0156;-1.0257
38.540642;-121.74678;1.5;1;28.653039;28.69754;1010.039171;1.6284;0.3404;-1.0948;0.0312;0.0195;-0.9828
38.540638;-121.74678;1.2;1;28.653039;28.707609;1010.094924;1.6652;0.3312;-1.0764;0.0585;0.0195;-1.0023
38.54063;-121.74678;-0.2;0;28.653039;28.71768;1010.057252;1.6836;0.3496;-1.0672;0.039;0.0351;-0.9867
38.54063;-121.74678;-0.8;1;28.659035;28.73782;1010.086631;1.6652;0.3036;-1.1132;0.0507;0.0234;-0.9945
38.54063;-121.74678;-1.4;0;28.671027;28.73782;1010.073065;1.6284;0.3404;-1.0948;0.0507;0.0312;-0.9906
38.54063;-121.74678;-1.8;0;28.671027;28.73782;1010.046694;1.6376;0.322;-1.0948;0.0507;0.0312;-0.9828
38.54063;-121.74678;-2.4;0;28.671027;28.73782;1010.051963;1.6008;0.3036;-1.104;0.0312;0.0351;-0.9945
38.54063;-121.74678;-2.9;0;28.689013;28.73782;1010.111476;1.6744;0.3404;-1.0764;0.0429;0.0195;-0.9828
38.5406;-121.746643;0;0;29.299546;29.452789;1010.071279;1.3708;-0.184;-0.9752;0.0351;0.0624;-1.0062
38.54063;-121.746643;1.5;1;29.311498;29.46286;1010.066548;1.4076;-0.1564;-0.9936;0.0273;0.0897;-0.9711
38.54063;-121.746635;0.9;0;29.32345;29.472931;1010.069357;1.38;-0.1748;-1.0396;0.0468;0.1014;-1.014
38.540627;-121.746643;-0.1;0;29.329425;29.493071;1010.082079;1.3708;-0.1472;-1.0028;0.039;0.0819;-0.9672
38.540627;-121.746635;0.5;0;29.34735;29.503139;1010.02312;1.3984;-0.2116;-0.9844;0.0507;0.0741;-0.9984
38.54063;-121.746635;1.2;1;29.34735;29.503139;1010.048558;1.38;-0.184;-1.0212;0.0234;0.078;-0.975
38.540634;-121.746635;0.4;1;29.34735;29.523279;1010.071194;1.3892;-0.1656;-1.0028;0.0507;0.0702;-0.9594
38.540642;-121.746635;-0.4;1;29.371247;29.53335;1010.018799;1.426;-0.1932;-1.0212;0.0312;0.0936;-0.9984
38.540638;-121.746635;0.4;1;29.365273;29.543421;1010.037663;1.3984;-0.184;-0.9752;0.0546;0.0858;-0.9828
38.540638;-121.746643;-0.2;1;29.389168;29.543421;1010.092295;1.3892;-0.1472;-0.9844;0.0429;0.0663;-0.9555
38.540634;-121.746643;0;1;29.389168;29.56356;1010.0909;1.4168;-0.2024;-0.9752;0.0468;0.0507;-0.9633
38.540627;-121.746651;-0.7;1;29.395142;29.573629;1010.043245;1.3524;-0.1288;-1.012;0.0624;0.0663;-0.9828
38.540627;-121.746651;-0.6;1;29.407088;29.573629;1010.116328;1.38;-0.1656;-1.0028;0.0273;0.0741;-0.9984
38.540627;-121.746651;1.2;1;29.401115;29.593769;1010.064897;1.3984;-0.1932;-1.0396;0.0429;0.0975;-1.0062
38.540623;-121.746651;1.2;1;29.419033;29.593769;1010.076617;1.38;-0.2116;-0.966;0.039;0.0741;-0.9672
38.540619;-121.746658;2.1;1;29.430978;29.60384;1010.06907;1.3708;-0.1932;-0.9936;0.0351;0.0936;-1.0062
38.540619;-121.746658;1.6;1;29.430978;29.613911;1010.083168;1.3524;-0.23;-1.0028;0.0429;0.0975;-0.9984
38.540623;-121.746658;2.5;1;29.442922;29.63405;1010.119904;1.3708;-0.2208;-1.0028;0.0429;0.0741;-1.0023
38.540623;-121.746658;2;1;29.442922;29.644119;1010.015247;1.3892;-0.1656;-0.9936;0.0351;0.0897;-0.9672
38.540611;-121.746674;-2.8;1;29.460836;29.644119;1010.116514;1.38;-0.1564;-0.9568;0.0585;0.0819;-0.9789
38.540615;-121.746666;-0.9;1;29.454865;29.664261;1010.058525;1.4076;-0.1748;-0.9844;0.039;0.0936;-0.975
38.540611;-121.746674;-0.1;1;29.466807;29.67433;1010.095255;1.3524;-0.23;-1.012;0.0546;0.0702;-0.9828
38.540607;-121.746674;-0.3;1;29.484719;29.684401;1010.088078;1.3708;-0.1196;-0.9752;0.0429;0.078;-0.9906
38.540607;-121.746674;-0.5;1;29.484719;29.684401;1010.122043;1.3708;-0.1748;-0.966;0.0351;0.078;-0.9711
38.540604;-121.746674;-1;1;29.50263;29.684401;1010.113481;1.3984;-0.184;-0.9752;0.0312;0.0585;-0.9945
38.5406;-121.746681;-2.3;1;29.5086;29.684401;1010.095989;1.3892;-0.2116;-1.012;0.0468;0.0663;-0.9633
38.540596;-121.746681;-2.3;1;29.51457;29.714609;1010.106291;1.3708;-0.1748;-0.9936;0.0507;0.0741;-0.9906
38.540596;-121.746689;-1.4;1;29.51457;29.734751;1010.072324;1.3708;-0.1748;-0.966;0.0507;0.0702;-0.9906
38.540588;-121.746696;-0.4;1;29.526508;29.734751;1010.112815;1.426;-0.1564;-0.9936;0.0507;0.0741;-0.9789
38.540588;-121.746696;-2.2;1;29.544415;29.74482;1010.094288;1.3984;-0.1748;-0.9844;0.0468;0.0741;-0.9945
38.540588;-121.746696;-1.2;1;29.556352;29.75489;1010.108352;1.3708;-0.1748;-1.0028;0.0468;0.0741;-0.9867
38.540585;-121.746704;0.4;1;29.550384;29.77503;1010.061689;1.38;-0.1656;-1.0028;0.0429;0.117;-0.9945
38.540585;-121.746696;0.2;1;29.556352;29.77503;1010.08948;1.3984;-0.1564;-1.012;0.0429;0.0819;-0.9828
38.540585;-121.746696;-0.3;1;29.56232;29.785101;1010.120006;1.4076;-0.1564;-0.9844;0.0429;0.0702;-1.0062
38.540581;-121.746704;-0.3;1;29.568288;29.79517;1010.077119;1.38;-0.2024;-0.9844;0.0624;0.0897;-1.0023
38.540577;-121.746704;-0.8;1;29.574256;29.79517;1010.074712;1.426;-0.1472;-1.0488;0.0507;0.0702;-1.0023
38.540573;-121.746704;-1;1;29.586191;29.81531;1010.1025;1.38;-0.1564;-1.012;0.0624;0.0663;-0.9867
38.540569;-121.746704;-1.5;1;29.592159;29.82538;1010.097681;1.4076;-0.1748;-1.012;0.0507;0.0546;-0.9711
38.540573;-121.746704;-1;1;29.604093;29.82538;1010.138155;1.38;-0.1656;-1.0212;0.0507;0.0741;-0.9828
38.540573;-121.746696;-0.5;1;29.610059;29.84552;1010.10177;1.3708;-0.1564;-0.9844;0.0351;0.078;-0.9984
38.540573;-121.746696;-0.4;1;29.610059;29.84552;1010.099356;1.3984;-0.2024;-1.0028;0.0351;0.0936;-0.9711
38.540577;-121.746696;-0.7;1;29.616026;29.855591;1010.069157;1.4168;-0.1656;-0.9844;0.0546;0.0702;-0.9828
38.540585;-121.746689;-0.9;1;29.616026;29.86566;1010.050283;1.38;-0.1932;-1.0028;0.0468;0.0819;-0.975
38.540581;-121.746696;-1.7;1;29.627959;29.86566;1010.094526;1.3892;-0.1564;-1.0212;0.0429;0.0819;-0.9984
38.540577;-121.746696;-1.7;1;29.645856;29.86566;1010.035484;1.4168;-0.184;-1.012;0.0468;0.0702;-0.9789
38.540569;-121.746704;-1.6;1;29.651822;29.89587;1010.088629;1.3616;-0.1748;-0.9936;0.0429;0.0702;-0.9828
38.540562;-121.746712;-3.1;1;29.651822;29.91601;1010.069753;1.38;-0.1748;-1.0304;0.0507;0.0624;-0.9789
38.540558;-121.746712;-3.4;1;29.669717;29.91601;1010.115342;1.38;-0.1748;-0.9936;0.0468;0.0897;-0.9789
38.540565;-121.746704;-3.9;1;29.657787;29.91601;1010.02958;1.426;-0.2208;-0.9936;0.0468;0.0819;-0.9867
38.540562;-121.746704;-4.1;1;29.669717;29.93615;1010.032286;1.3708;-0.1564;-0.9936;0.0468;0.0936;-0.9945
38.540558;-121.746712;-2.8;1;29.687611;29.93615;1010.066541;1.4076;-0.138;-1.0212;0.039;0.0975;-0.9789
38.540558;-121.746712;-1.7;1;29.705503;29.956289;1010.085688;1.3524;-0.1288;-0.9844;0.039;0.0936;-0.9906
38.540546;-121.746719;-1.6;1;29.711467;29.956289;1010.143669;1.3984;-0.1656;-1.012;0.0312;0.0858;-1.0101
38.540543;-121.746727;-2.2;1;29.705503;29.956289;1010.029054;1.3524;-0.1748;-1.012;0.0312;0.0897;-0.9711
38.540508;-121.746758;-1.5;1;29.71743;29.96636;1010.058175;1.3984;-0.1472;-0.9936;0.0468;0.0663;-0.9711
38.540508;-121.746758;-1.1;1;29.729356;29.9865;1010.075967;1.4168;-0.1472;-1.0304;0.0273;0.078;-0.9867
38.540485;-121.746773;-1.1;1;29.735319;29.9865;1010.057088;1.4168;-0.184;-1.012;0.0429;0.0975;-0.9906
38.540482;-121.74678;-2.2;1;29.747245;29.996571;1010.079993;1.3524;-0.1288;-0.9936;0.0507;0.078;-0.9672
38.540482;-121.74678;-2.7;1;29.753207;29.996571;1010.06623;1.38;-0.2024;-0.9936;0.0507;0.0624;-0.975
38.540504;-121.746758;-3;1;29.759169;30.006639;1010.020918;1.3892;-0.1472;-0.9752;0.0351;0.0741;-0.9789
38.540512;-121.74675;-1;1;29.771093;30.026779;1010.051365;1.4168;-0.1932;-0.9844;0.0546;0.0702;-0.9672
38.540524;-121.746742;-1.7;1;29.753207;30.026779;1009.964279;1.334;-0.1748;-0.9844;0.039;0.078;-0.9828
38.540527;-121.746735;-0.9;1;29.771093;30.03685;1010.054037;1.3708;-0.1932;-0.9568;0.0273;0.0702;-0.9984
38.540527;-121.746742;-1.4;1;29.777055;30.03685;1010.090463;1.4076;-0.2024;-1.0028;0.0429;0.0819;-0.9555
38.540531;-121.746735;-1.7;1;29.788978;30.05699;1010.044043;1.3708;-0.1748;-1.0396;0.0585;0.0741;-0.9867
38.540546;-121.746719;-0.6;1;29.806861;30.05699;1010.097135;1.3524;-0.1564;-0.9844;0.0312;0.0663;-0.9984
38.54055;-121.746727;0.5;1;29.806861;30.05699;1010.051819;1.3984;-0.2116;-0.9936;0.0585;0.0351;-0.9906
38.540558;-121.746719;-1.5;1;29.830702;30.077129;1010.117564;1.426;-0.184;-0.9752;0.0312;0.0741;-0.9789
38.540562;-121.746712;-0.4;1;29.830702;30.077129;1010.078469;1.3708;-0.2116;-1.0028;0.0468;0.0858;-0.9867
38.540569;-121.746712;-1.2;1;29.836662;30.097269;1010.04336;1.3984;-0.1196;-1.0028;0.0351;0.0897;-0.9672
38.540577;-121.746704;0;1;29.842622;30.10734;1010.071123;1.3984;-0.2116;-0.9844;0.0585;0.0897;-0.9633
38.540585;-121.746696;-0.8;1;29.85454;30.10734;1010.101537;1.4076;-0.2024;-1.0028;0.0429;0.0663;-0.9672
38.540588;-121.746689;-0.6;1;29.85454;30.12748;1010.069998;1.3892;-0.1748;-1.012;0.0351;0.078;-0.9867
38.540592;-121.746689;0.6;1;29.872417;30.10734;1010.070192;1.4168;-0.1932;-0.9568;0.0429;0.0741;-0.9828
38.540592;-121.746689;0.9;1;29.8605;30.12748;1010.052438;1.426;-0.1932;-0.9752;0.0351;0.078;-0.9906
38.540592;-121.746689;-1.7;1;29.872417;30.13755;1010.051307;1.38;-0.1564;-1.012;0.0468;0.0741;-1.0023
38.540588;-121.746689;-0.9;1;29.884334;30.147619;1010.061503;1.3524;-0.1656;-0.9752;0.0351;0.0897;-0.975
38.540588;-121.746689;0.1;1;29.902209;30.147619;1010.076792;1.3984;-0.2208;-1.0396;0.0624;0.0702;-0.9867
38.540596;-121.746681;-0.2;1;29.890293;30.167761;1010.127033;1.4444;-0.2208;-1.0396;0.0507;0.0858;-0.9828
38.540604;-121.746674;0.3;1;29.908166;30.167761;1010.074332;1.3708;-0.2576;-1.0488;0.0507;0.078;-0.9945
38.540604;-121.746674;0.7;1;29.931995;30.17783;1010.071871;1.3616;-0.2208;-1.0304;0.0351;0.0936;-0.9945
38.540604;-121.746681;1.1;1;29.926038;30.17783;1010.078279;1.38;-0.2208;-1.0396;0.0468;0.078;-0.975
38.540604;-121.746681;-0.7;1;29.931995;30.187901;1010.068261;1.426;-0.2024;-1.012;0.0429;0.0975;-0.9789
38.540623;-121.74678;40.900002;1;29.937952;30.20804;1010.028022;1.4168;-0.1932;-1.0212;0.0351;0.0741;-0.975
38.540615;-121.74678;40.299999;1;29.949865;30.20804;1010.091084;1.4076;-0.1932;-1.012;0.0351;0.0741;-0.9867
38.540611;-121.746788;39.700001;1;29.955822;30.218109;1010.058397;1.3892;-0.2208;-1.0304;0.0663;0.0741;-0.9594
38.540611;-121.74678;39.5;1;29.961778;30.238251;1010.044595;1.3708;-0.0644;-1.0672;0.0429;-0.1404;-0.9711
38.540604;-121.746788;38.400002;1;29.961778;30.238251;1010.024398;-0.4876;-4.094;-8.5744;0.6357;0.2379;0.6708
38.540588;-121.746803;36.799999;1;29.979645;30.238251;1010.029628;-0.7268;-4.0756;-8.4732;0.7683;0.234;0.6084
38.540585;-121.746796;36.599998;1;29.979645;30.24832;1010.003184;-0.276;-4.4068;-8.5008;0.6864;0.3237;0.6747
38.540588;-121.746796;35.299999;1;29.991555;30.25839;1010.075099;-0.0184;-4.4344;-8.6756;0.6357;0.3237;0.6474
38.540585;-121.746796;34.599998;1;30.003465;30.27853;1010.068846;0.0736;-4.1216;-9.0528;0.6279;0.2418;0.6864
38.540573;-121.746803;34.200001;1;30.021329;30.288601;1010.087863;0.0368;-4.416;-8.5652;0.6396;0.3198;0.6981
38.540565;-121.746811;33.700001;1;30.033237;30.308741;1010.065194;-0.23;-4.4988;-8.3812;0.6162;0.3549;0.702
38.540577;-121.746803;35.700001;1;30.051098;30.31881;1010.086797;1.3248;2.2816;-9.844;0.507;-0.4836;0.6084
38.5406;-121.746796;35.5;1;30.051098;30.32888;1010.052792;2.07;2.4196;-9.7428;0.4875;-0.6123;0.6864
38.540585;-121.746796;34.200001;1;30.051098;30.32888;1010.007452;-1.9964;0.966;-7.7004;0.9594;0.3783;0.5772
38.540596;-121.746788;33.200001;1;30.068957;30.34902;1010.034004;-2.3644;0.414;-7.1576;0.8697;0.2769;0.4251
38.540604;-121.746796;35;1;30.092767;30.359091;1010.051702;-2.4104;0.506;-7.0748;0.9126;0.2652;0.4251
38.540607;-121.746796;35.400002;1;30.092767;30.359091;1010.035389;-1.0488;2.7968;-6.67;0.9399;-0.5421;0.0741
38.540611;-121.746796;34.299999;1;30.110622;30.389299;1010.073262;1.6376;4.5632;-6.2652;-0.0351;-1.1349;-0.3042
38.540619;-121.746796;35.299999;1;30.10467;30.39937;1010.02912;2.0148;3.7444;-9.0436;0.0546;-0.9555;0.2886
38.540623;-121.746796;34.700001;1;30.110622;30.39937;1010.084598;1.9688;2.622;-10.1752;0.0585;-0.7878;0.624
38.540619;-121.746803;34.599998;1;30.116574;30.41951;1010.063212;1.9964;2.6404;-10.1844;0.0585;-0.7878;0.624
38.540619;-121.746803;34.599998;1;30.134427;30.429581;1010.093519;1.9504;2.668;-10.2212;0.0468;-0.7878;0.6006
38.540615;-121.746803;34.799999;1;30.146328;30.44972;1010.050735;2.0148;2.668;-10.1936;0.0507;-0.7683;0.6084
38.540615;-121.746803;34.799999;1;30.158229;30.459789;1010.091088;2.0148;2.6312;-10.212;0.0507;-0.7878;0.6318
38.540615;-121.746811;35.700001;1;30.164179;30.46986;1010.068413;1.978;2.7508;-10.12;0.0351;-0.7917;0.6084
38.540611;-121.746811;35.5;1;30.158229;30.46986;1010.045738;1.9964;2.668;-10.1752;0.0624;-0.78;0.6084
38.540607;-121.746819;35.799999;1;30.182028;30.49;1010.077305;1.978;2.668;-10.166;0.0507;-0.7722;0.6279
38.540604;-121.746834;38.099998;1;30.182028;30.49;1010.062187;1.9596;2.7048;-10.1384;0.0507;-0.7917;0.6084
38.5406;-121.746834;38.799999;1;30.193926;30.500071;1010.087415;1.9872;2.6956;-10.1936;0.0546;-0.8073;0.5967
38.540596;-121.746841;38.5;1;30.211773;30.510139;1010.045841;2.024;2.6496;-10.2212;0.0351;-0.7839;0.5772
38.540592;-121.746841;38.5;1;30.223669;30.510139;1010.097558;1.978;2.7048;-10.2212;0.0585;-0.7722;0.6123
38.540596;-121.746841;38.299999;1;30.217721;30.530279;1010.058491;1.978;2.714;-10.1568;0.0663;-0.8034;0.6201
38.540592;-121.746841;37.599998;1;30.247461;30.54035;1010.028281;1.9688;2.7416;-10.1016;0.0468;-0.7956;0.6045
38.540592;-121.746834;36.900002;1;30.241513;30.54035;1010.040888;1.9872;2.668;-10.1568;0.0663;-0.7956;0.6006
38.540592;-121.746834;36.799999;1;30.253408;30.56049;1010.054761;1.9872;2.6864;-10.1936;0.0468;-0.7761;0.624
38.540588;-121.746841;36.200001;1;30.265302;30.57056;1010.083751;1.9872;2.6128;-10.212;0.0546;-0.8073;0.6123
38.540588;-121.746841;37.200001;1;30.277196;30.580629;1010.056037;1.9688;2.6772;-10.212;0.0585;-0.7878;0.6006
38.540588;-121.746841;36.799999;1;30.289088;30.580629;1010.077461;1.978;2.668;-10.1108;0.0624;-0.7761;0.6201
38.540588;-121.746841;35.5;1;30.30098;30.600771;1010.086281;1.9412;2.668;-10.1568;0.0585;-0.7917;0.5928
38.540585;-121.746841;33.5;1;30.312872;30.61084;1010.052253;1.9688;2.6496;-10.0648;0.0546;-0.7995;0.6123
38.540585;-121.746841;33.700001;1;30.312872;30.61084;1010.029571;1.9964;2.6864;-10.1568;0.0546;-0.7878;0.6123
38.540581;-121.746849;33.900002;1;30.336652;30.63098;1010.034607;1.978;2.6772;-10.1844;0.0546;-0.7995;0.6045
38.540581;-121.746841;35.200001;1;30.342597;30.64105;1010.066088;1.9596;2.6864;-10.1568;0.0468;-0.7722;0.6006
38.540581;-121.746841;34.599998;1;30.348542;30.651119;1010.052217;1.978;2.6864;-10.1016;0.0585;-0.7917;0.6123
38.540581;-121.746849;33.700001;1;30.354486;30.651119;1010.054719;1.9596;2.7232;-10.212;0.0702;-0.7683;0.6123
38.540577;-121.746849;34.5;1;30.36043;30.671261;1010.102588;2.0148;2.6496;-10.212;0.0585;-0.7956;0.6084
38.540573;-121.746849;34.599998;1;30.384205;30.671261;1010.078617;1.9872;2.6864;-10.1568;0.0546;-0.78;0.6123
38.540577;-121.746849;34.5;1;30.384205;30.671261;1010.067274;2.0056;2.668;-10.1752;0.0351;-0.7683;0.6045
38.540577;-121.746849;34.700001;1;30.402035;30.68133;1010.078572;1.9688;2.7232;-10.1016;0.0546;-0.7917;0.6318
38.540581;-121.746841;33.799999;1;30.419862;30.701469;1010.059613;1.978;2.6588;-10.166;0.0624;-0.7878;0.6357
38.540581;-121.746841;33.400002;1;30.407977;30.71154;1009.99663;1.9596;2.6496;-10.12;0.0741;-0.7995;0.624
38.540585;-121.746841;32.799999;1;30.431747;30.71154;1010.089863;1.9872;2.6496;-10.1568;0.0429;-0.7839;0.6006
38.540581;-121.746841;32.400002;1;30.44363;30.721609;1010.068352;1.9596;2.6956;-10.1384;0.0507;-0.7995;0.6084
38.540585;-121.746841;32.200001;1;30.455513;30.721609;1010.12755;1.9688;2.7048;-10.1384;0.0429;-0.7878;0.6006
38.540581;-121.746841;32.200001;1;30.467395;30.741751;1010.038101;1.9872;2.6404;-10.1936;0.039;-0.7878;0.6474
38.540581;-121.746841;31.799999;1;30.455513;30.75182;1010.033011;1.9872;2.6864;-10.1476;0.0507;-0.7761;0.6045
38.540581;-121.746834;31.9;1;30.479277;30.771959;1010.053074;1.9596;2.6956;-10.1936;0.0663;-0.7956;0.6123
38.540581;-121.746834;31.4;1;30.491158;30.771959;1010.027833;2.024;2.6404;-10.0924;0.0546;-0.7995;0.6123
38.540577;-121.746841;30.1;1;30.503038;30.771959;1010.054215;1.978;2.668;-10.1292;0.0546;-0.7917;0.624
38.540577;-121.746841;29.9;1;30.503038;30.78203;1010.031523;1.9412;2.6772;-10.166;0.0624;-0.7956;0.6084
38.540577;-121.746841;29.4;1;30.514917;30.78203;1010.037761;1.9504;2.7048;-10.1292;0.0546;-0.7917;0.6123
38.540573;-121.746841;28.6;1;30.544613;30.78203;1010.115748;1.9504;2.7324;-10.166;0.0585;-0.78;0.6045
38.540569;-121.746841;28.299999;1;30.532735;30.812241;1010.060349;1.9596;2.6128;-10.2028;0.0468;-0.78;0.6123
38.540573;-121.746841;28.4;1;30.550551;30.812241;1010.090495;1.9412;2.6588;-10.1844;0.0507;-0.7839;0.6162
38.540573;-121.746841;28.9;1;30.550551;30.822309;1010.018631;1.9688;2.6312;-10.12;0.039;-0.7995;0.6084
38.540573;-121.746841;28.700001;1;30.568366;30.83238;1010.060117;1.9412;2.6956;-10.12;0.0507;-0.7956;0.6279
38.540569;-121.746849;28.299999;1;30.580241;30.83238;1010.041204;1.932;2.668;-10.12;0.0702;-0.7722;0.6045
38.540569;-121.746849;27.9;1;30.586179;30.83238;1010.048641;2.0056;2.6312;-10.1384;0.0663;-0.8151;0.6279
38.540569;-121.746849;27.6;1;30.592116;30.85252;1010.027161;1.932;2.668;-10.2028;0.0507;-0.7878;0.5967
38.540569;-121.746849;27.4;1;30.609927;30.85252;1010.022025;2.024;2.6772;-10.1568;0.0624;-0.7878;0.6318
38.540573;-121.746849;27.200001;1;30.6218;30.85252;1010.066062;1.9596;2.7692;-10.166;0.0351;-0.8112;0.6123
38.540573;-121.746841;26.6;1;30.627736;30.862591;1010.045788;2.0056;2.6404;-10.258;0.0546;-0.7839;0.6201
38.540573;-121.746841;26.200001;1;30.645544;30.862591;1010.079681;1.9964;2.6404;-10.2028;0.0507;-0.78;0.5967
38.540573;-121.746841;25.9;1;30.65148;30.862591;1010.097229;1.9688;2.6128;-10.1844;0.0546;-0.7917;0.6084
38.540573;-121.746841;25.4;1;30.65148;30.88273;1010.035491;1.9964;2.6588;-10.212;0.039;-0.7878;0.6045
38.540577;-121.746841;25;1;30.67522;30.88273;1010.097062;1.9596;2.6496;-10.1108;0.0585;-0.7722;0.5967
38.540577;-121.746841;24.700001;1;30.68709;30.88273;1010.072985;1.9412;2.714;-10.0832;0.0507;-0.7995;0.5967
38.540577;-121.746841;24.4;1;30.681155;30.892799;1010.075566;1.9412;2.6588;-10.1016;0.0585;-0.7995;0.585
38.540577;-121.746841;24.1;1;30.693024;30.892799;1010.077971;2.0056;2.6772;-10.1752;0.0468;-0.7761;0.6006
38.540577;-121.746834;23.799999;1;30.71676;30.88273;1010.097904;1.978;2.668;-10.1568;0.0663;-0.7956;0.6084
38.540577;-121.746834;23.5;1;30.710826;30.90287;1010.074004;1.978;2.6404;-10.1384;0.0702;-0.7878;0.6162
38.540577;-121.746841;22.9;1;30.722693;30.90287;1010.080184;2.0148;2.6312;-10.1844;0.0546;-0.7839;0.5967
38.540577;-121.746841;22.1;1;30.73456;30.92301;1010.075009;2.0332;2.6864;-10.166;0.0624;-0.7995;0.6084
38.540573;-121.746841;21.4;1;30.740493;30.92301;1010.005706;1.9964;2.6956;-10.166;0.0429;-0.7878;0.6045
38.540573;-121.746841;21.6;1;30.764223;30.933081;1010.069623;1.9872;2.6496;-10.1752;0.0663;-0.7878;0.6045
38.540577;-121.746841;21.6;1;30.764223;30.933081;1010.058271;1.9872;2.714;-10.166;0.0468;-0.8034;0.6045
38.540573;-121.746841;21.299999;1;30.770155;30.933081;1010.059461;1.9412;2.7048;-10.1476;0.0468;-0.7878;0.6162
38.540573;-121.746841;21.5;1;30.782018;30.95322;1010.085732;1.932;2.6864;-10.12;0.0624;-0.7644;0.6318
38.540577;-121.746834;21.700001;1;30.793881;30.95322;1010.102057;1.9596;2.6864;-10.212;0.0351;-0.8034;0.6084
38.540577;-121.746834;21.700001;1;30.799813;30.963289;1010.054047;1.9688;2.6772;-10.1476;0.0624;-0.7956;0.6279
38.540573;-121.746834;21.5;1;30.811675;30.963289;1010.093076;1.9688;2.6772;-10.12;0.0663;-0.8073;0.6396
38.540573;-121.746834;21.200001;1;30.823536;30.963289;1010.089059;1.978;2.6772;-10.1568;0.0507;-0.7878;0.6045
38.540569;-121.746841;20.799999;1;30.823536;30.97336;1010.043645;1.9504;2.6864;-10.1384;0.039;-0.78;0.6006
38.540569;-121.746841;19.5;1;30.847256;30.97336;1010.115311;1.9504;2.7048;-10.1476;0.0546;-0.7917;0.624
38.540569;-121.746841;19.5;1;30.853186;30.9935;1010.076037;1.9964;2.6956;-10.2028;0.0546;-0.7761;0.6162
38.540569;-121.746841;19.299999;1;30.853186;31.003571;1010.079822;1.9872;2.6588;-10.1752;0.0468;-0.7839;0.5967
38.540573;-121.746841;19.4;1;30.865045;31.003571;1010.063253;1.9596;2.7048;-10.1016;0.0624;-0.7878;0.624
38.540573;-121.746841;19.299999;1;30.88876;31.02371;1010.041719;1.978;2.6496;-10.1108;0.0507;-0.7839;0.6201
38.540573;-121.746841;19.4;1;30.870974;31.02371;1010.068213;1.9872;2.6864;-10.12;0.0468;-0.8112;0.6279
38.540573;-121.746834;19.200001;1;30.88876;31.02371;1010.033885;1.978;2.6956;-10.166;0.0546;-0.8034;0.5967
38.540577;-121.746826;19.4;1;30.906545;31.033779;1010.086606;1.9596;2.6588;-10.1384;0.0507;-0.7683;0.585
38.540577;-121.746826;19.799999;1;30.906545;31.033779;1010.056325;1.9504;2.6128;-10.1292;0.0585;-0.7956;0.6123
38.540577;-121.746826;19.299999;1;30.918401;31.033779;1010.096516;1.9044;2.668;-10.12;0.0468;-0.7722;0.6045
38.540573;-121.746834;19;1;30.918401;31.033779;1010.066234;1.9136;2.6864;-10.1568;0.0234;-0.819;0.5967
38.540573;-121.746834;19;1;30.94211;31.04385;1010.074686;1.9872;2.6772;-10.1384;0.0585;-0.7995;0.6279
38.540569;-121.746834;16.9;1;30.948037;31.06399;1010.064494;1.9412;2.6496;-10.1568;0.0546;-0.7839;0.5811
38.540569;-121.746834;15.8;1;30.948037;31.06399;1010.083422;1.9872;2.6956;-10.1844;0.0429;-0.7761;0.624
38.540565;-121.746841;15.5;1;30.977669;31.06399;1010.10059;1.978;2.622;-10.166;0.0468;-0.7683;0.6006
38.540565;-121.746841;14.7;1;30.977669;31.07406;1010.058947;1.9688;2.6956;-10.1108;0.0624;-0.7839;0.6201
38.540562;-121.746841;14;1;30.989521;31.0942;1010.121838;1.9688;2.6772;-10.0924;0.0507;-0.7839;0.6279
38.540562;-121.746841;13.4;1;30.995446;31.0942;1010.097653;1.9872;2.6404;-10.1016;0.0468;-0.7761;0.6201
38.540558;-121.746841;12.5;1;31.007297;31.0942;1010.095023;1.978;2.6864;-10.1384;0.0624;-0.7878;0.6084
38.540554;-121.746841;11.5;1;31.019147;31.0942;1010.097333;2.0056;2.6588;-10.074;0.0351;-0.7917;0.6123
38.54055;-121.746849;10.7;1;31.03692;31.104271;1010.114785;1.9964;2.6772;-10.0924;0.0663;-0.7683;0.6318
38.54055;-121.746841;9.7;1;31.042844;31.104271;1010.083012;1.9688;2.7232;-10.1844;0.0624;-0.78;0.6357
38.540546;-121.746841;8.8;1;31.048768;31.11434;1010.087949;1.9964;2.6496;-10.1384;0.0702;-0.7917;0.6123
38.540546;-121.746841;7.8;1;31.048768;31.13448;1010.110666;1.9964;2.7048;-10.1108;0.0585;-0.7839;0.6123
38.540546;-121.746841;7.1;1;31.060616;31.11434;1010.078887;1.9504;2.6864;-10.166;0.039;-0.8034;0.6006
38.540546;-121.746834;10.1;1;31.066539;31.13448;1010.120193;1.9596;2.7048;-10.1568;0.0507;-0.7995;0.6201
38.54055;-121.746834;9.6;1;31.084308;31.13448;1010.117552;1.9412;2.668;-10.2212;0.039;-0.7995;0.6162
38.54055;-121.746826;8.5;1;31.084308;31.13448;1010.072113;2.0148;2.6956;-10.1108;0.0429;-0.7956;0.6006
38.54055;-121.746819;8.3;1;31.096154;31.14455;1010.08576;1.932;2.7324;-10.1016;0.0546;-0.7761;0.6318
38.540554;-121.746811;7.8;1;31.102076;31.14455;1010.120983;1.9596;2.7324;-10.12;0.0546;-0.7917;0.585
38.540554;-121.746811;8.5;1;31.119842;31.16469;1010.143341;2.0332;2.6864;-10.166;0.0585;-0.7878;0.6201
38.540558;-121.746803;9.6;1;31.131686;31.16469;1010.114185;1.9964;2.6588;-10.12;0.0429;-0.819;0.6201
38.540562;-121.746803;9.9;1;31.137607;31.174761;1010.13161;1.9596;2.6772;-10.0648;0.0429;-0.78;0.5889
38.540565;-121.746796;10.3;1;31.131686;31.174761;1010.066093;2.0148;2.6496;-10.1844;0.0429;-0.7917;0.6084
38.540573;-121.746788;11.7;1;31.143528;31.18483;1010.087302;1.932;2.7048;-10.2028;0.039;-0.7839;0.5967
38.540573;-121.74678;11.5;1;31.15537;31.18483;1010.078211;1.9688;2.6588;-10.0924;0.0429;-0.7761;0.5889
38.540577;-121.74678;11.8;1;31.167212;31.18483;1010.129712;1.9596;2.668;-10.1844;0.0468;-0.7917;0.5967
38.540581;-121.74678;11.9;1;31.190892;31.204969;1010.085397;1.9964;2.6404;-10.1108;0.039;-0.7683;0.5928
38.540585;-121.746773;12.3;1;31.184972;31.204969;1010.136895;1.9964;2.622;-10.1384;0.0468;-0.7917;0.6006
38.540585;-121.746773;13.4;1;31.179052;31.21504;1010.086528;1.9688;2.6588;-10.1384;0.0546;-0.7761;0.6162
38.540588;-121.746773;14;1;31.190892;31.21504;1010.097492;1.978;2.6496;-10.1108;0.0429;-0.7722;0.6006
38.540588;-121.746773;14.3;1;31.202731;31.204969;1010.102408;1.9228;2.6404;-10.1292;0.0351;-0.7956;0.6201
38.540592;-121.746773;14.4;1;31.21457;31.21504;1010.142538;1.9964;2.6772;-10.12;0.0624;-0.7995;0.6045
38.540592;-121.746765;15.5;1;31.21457;31.21504;1010.049383;1.9964;2.668;-10.12;0.0585;-0.8073;0.6123
38.540596;-121.746765;15.6;1;31.21457;31.225109;1010.100874;1.9964;2.6588;-10.12;0.0468;-0.8034;0.6045
38.5406;-121.746765;15.5;1;31.238245;31.225109;1010.131886;1.9504;2.6956;-10.1384;0.0468;-0.7995;0.6123
38.5406;-121.746758;15.4;1;31.226408;31.225109;1010.032281;2.0056;2.6864;-10.1476;0.0468;-0.7839;0.6162
38.540604;-121.746758;15.3;1;31.244163;31.245251;1010.110281;1.9504;2.6404;-10.166;0.0585;-0.7566;0.6201
38.540604;-121.746758;15.3;1;31.250081;31.245251;1010.084887;1.9412;2.6312;-10.12;0.039;-0.78;0.6006
38.540607;-121.746758;15.7;1;31.250081;31.245251;1010.126125;1.9596;2.6496;-10.0924;0.0546;-0.7722;0.6045
38.540607;-121.746758;15.6;1;31.279669;31.25532;1010.069305;1.9504;2.6312;-10.1108;0.0741;-0.78;0.6396
38.540607;-121.746758;16;1;31.285587;31.25532;1010.059058;1.9964;2.668;-10.1292;0.0507;-0.7956;0.6123
38.540611;-121.746758;15.8;1;31.285587;31.25532;1010.065078;1.9964;2.6772;-10.1108;0.0585;-0.7878;0.5889
38.540611;-121.746758;16;1;31.29742;31.275459;1010.074884;1.9412;2.7232;-10.1936;0.0624;-0.78;0.6045
38.540611;-121.746758;16.4;1;31.29742;31.28553;1010.052154;1.9504;2.6956;-10.1844;0.039;-0.8034;0.5889
38.540615;-121.746758;18.299999;1;31.309253;31.28553;1010.092263;1.9596;2.6312;-10.1568;0.039;-0.78;0.5967
38.540615;-121.746758;19;1;31.31517;31.28553;1010.054379;2.0056;2.714;-10.074;0.0351;-0.7644;0.5967
38.540615;-121.746758;19.5;1;31.327002;31.295601;1010.065287;1.9504;2.6128;-10.0832;0.0819;-0.7917;0.6201
38.540615;-121.746758;19.5;1;31.321086;31.295601;1010.056601;1.978;2.6588;-10.1292;0.0507;-0.7761;0.5928
38.540615;-121.746758;19.9;1;31.344749;31.295601;1010.039876;2.0056;2.6956;-10.166;0.0468;-0.7917;0.6201
38.540615;-121.746758;20.1;1;31.344749;31.295601;1010.0724;1.9688;2.6772;-10.1292;0.0546;-0.7956;0.6045
38.540615;-121.746758;20.5;1;31.362494;31.295601;1010.147703;2.0148;2.622;-10.12;0.0702;-0.8034;0.6162
38.540615;-121.746765;21.1;1;31.356579;31.315741;1010.012887;2.024;2.6864;-10.1752;0.0624;-0.7917;0.6123
38.540615;-121.746765;21.200001;1;31.374323;31.315741;1010.05519;1.9412;2.7048;-10.1292;0.039;-0.7878;0.6045
38.540615;-121.746765;21;1;31.374323;31.315741;1010.085501;1.9504;2.7324;-10.0648;0.0702;-0.7878;0.5928
38.540615;-121.746765;20.9;1;31.380238;31.315741;1010.037347;1.9596;2.6864;-10.166;0.0702;-0.78;0.6396
38.540619;-121.746758;20.299999;1;31.392066;31.325809;1010.02598;1.978;2.668;-10.1568;0.0468;-0.7839;0.6045
38.540619;-121.746758;20;1;31.403893;31.325809;1010.113739;1.9964;2.6312;-10.1108;0.0663;-0.7995;0.6318
38.540619;-121.746758;20.299999;1;31.409807;31.345949;1010.114837;1.9504;2.6312;-10.1016;0.0507;-0.8073;0.6162
38.540623;-121.74675;20.1;1;31.409807;31.35602;1010.012529;1.932;2.714;-10.12;0.0468;-0.7761;0.624
38.540623;-121.74675;21.1;1;31.427547;31.35602;1010.024993;1.9596;2.7048;-10.0556;0.0546;-0.8112;0.5967
38.540619;-121.74675;20;1;31.439372;31.35602;1010.090001;1.978;2.668;-10.1568;0.0429;-0.7839;0.6045
38.540619;-121.74675;20.6;1;31.43346;31.35602;1010.043435;1.9688;2.6772;-10.166;0.0585;-0.7839;0.6318
38.540619;-121.74675;21.5;1;31.463021;31.366091;1010.054291;1.9504;2.6956;-10.166;0.0585;-0.7878;0.6279
38.540615;-121.746758;22.6;1;31.451197;31.38623;1010.035343;1.9412;2.6956;-10.0832;0.0546;-0.7878;0.6162
38.540611;-121.746765;23.299999;1;31.474845;31.38623;1010.123074;1.9504;2.6864;-10.1016;0.0429;-0.7683;0.5967
38.540611;-121.746765;24.5;1;31.480757;31.38623;1010.119284;1.9228;2.6772;-10.1844;0.0624;-0.7761;0.6006
38.540611;-121.746765;24.799999;1;31.486668;31.396299;1010.064613;1.9504;2.6588;-10.1752;0.0546;-0.7917;0.6123
38.540615;-121.746765;24.700001;1;31.492579;31.396299;1010.088437;1.9688;2.7324;-10.1844;0.0468;-0.8034;0.6201
38.540615;-121.746765;26.200001;1;31.49849;31.416439;1010.086817;1.9964;2.6312;-10.1292;0.0663;-0.7839;0.6006
38.540619;-121.746765;26.9;1;31.504401;31.416439;1010.109557;1.9872;2.6312;-10.1108;0.0585;-0.7761;0.6084
38.540619;-121.746765;28.200001;1;31.510312;31.416439;1010.065161;2.0056;2.6588;-10.1292;0.0663;-0.7956;0.5889
38.540619;-121.746758;28.799999;1;31.522132;31.42651;1010.054873;1.9504;2.6772;-10.0832;0.0468;-0.7722;0.6201
38.540623;-121.746758;29.5;1;31.528043;31.436581;1010.125257;1.9504;2.6956;-10.1292;0.0741;-0.78;0.6318
38.540623;-121.746765;30.799999;1;31.545772;31.436581;1010.132287;1.9872;2.668;-10.074;0.0585;-0.7722;0.5967
38.540627;-121.746758;31.5;1;31.533953;31.436581;1010.070565;1.9872;2.6312;-10.1936;0.0429;-0.7878;0.5967
38.540627;-121.746758;31.9;1;31.557591;31.45672;1010.104119;2.0056;2.6588;-10.074;0.0585;-0.7878;0.5928
38.54063;-121.746758;32;1;31.557591;31.45672;1010.062426;1.9872;2.6404;-10.1568;0.0507;-0.7956;0.6279
38.54063;-121.746758;33.299999;1;31.5635;31.45672;1010.047264;1.978;2.668;-10.166;0.0702;-0.819;0.6162
38.54063;-121.746758;33.599998;1;31.569409;31.45672;1010.068366;1.9504;2.714;-10.1016;0.0195;-0.7839;0.6123
38.54063;-121.746758;34;1;31.569409;31.45672;1010.068366;1.9596;2.6864;-10.0832;0.0507;-0.7839;0.5967
38.54063;-121.746758;34.599998;1;31.5635;31.466789;1010.053205;1.9596;2.7232;-10.1108;0.0546;-0.8034;0.6279
38.54063;-121.746758;34.900002;1;31.569409;31.466789;1010.022881;1.978;2.622;-10.1476;0.0663;-0.7761;0.6006
38.54063;-121.746758;35;1;31.575318;31.466789;1010.058069;1.9596;2.6864;-10.0464;0.0429;-0.7917;0.6318
38.54063;-121.746758;35.400002;1;31.581227;31.466789;1010.061285;1.9504;2.6312;-10.1108;0.0351;-0.7761;0.624
38.54063;-121.746765;36.299999;1;31.593043;31.466789;1010.072657;2.0148;2.668;-10.1016;0.0546;-0.7995;0.6279
38.54063;-121.746765;37.099998;1;31.60486;31.486931;1010.08617;1.9688;2.6772;-10.1292;0.0351;-0.78;0.6045
38.540634;-121.746765;37.700001;1;31.616675;31.486931;1010.095889;1.9688;2.668;-10.1568;0.0312;-0.7722;0.585
38.540634;-121.746765;38.299999;1;31.622583;31.497;1010.060703;1.9504;2.6404;-10.1108;0.039;-0.7722;0.6045
38.540634;-121.746765;38.599998;1;31.622583;31.507071;1010.093165;1.9688;2.668;-10.1108;0.0507;-0.7761;0.6162
38.540638;-121.746758;38.299999;1;31.634397;31.507071;1010.042224;1.9688;2.6864;-10.1292;0.0468;-0.7956;0.6084
38.540638;-121.746758;38.599998;1;31.634397;31.52721;1010.099089;2.0148;2.6588;-10.074;0.0741;-0.8112;0.6201
38.540642;-121.74675;38.799999;1;31.640304;31.52721;1010.035707;1.932;2.668;-10.0924;0.0468;-0.8034;0.624
38.540642;-121.74675;37.900002;1;31.66393;31.537279;1010.100614;2.0056;2.6772;-10.074;0.0546;-0.7839;0.6045
38.540642;-121.74675;38.299999;1;31.658024;31.537279;1010.09197;1.978;2.6864;-10.1568;0.0429;-0.8112;0.6279
38.540646;-121.746742;38.299999;1;31.675742;31.537279;1010.098944;1.978;2.6496;-10.0832;0.0546;-0.7761;0.5733
38.540646;-121.746742;38.400002;1;31.675742;31.537279;1010.053448;1.9596;2.6404;-10.0648;0.0507;-0.8151;0.6006
38.540649;-121.746735;38;1;31.687554;31.56749;1010.074521;1.932;2.7784;-10.1568;0.0156;-0.8112;0.5928
38.540649;-121.746735;38;1;31.70527;31.56749;1010.130771;1.978;2.668;-10.1108;0.0507;-0.7839;0.6045
38.540653;-121.746735;38.799999;1;31.711175;31.57756;1010.062524;1.9596;2.668;-10.1384;0.0468;-0.7917;0.6006
38.540653;-121.746735;38.700001;1;31.722984;31.57756;1010.071161;1.9044;2.714;-10.1844;0.0585;-0.7917;0.624
38.540657;-121.746727;39;1;31.717079;31.57756;1010.068423;1.978;2.6864;-10.12;0.0507;-0.7878;0.6123
38.540661;-121.746727;38.299999;1;31.722984;31.607771;1010.061893;1.9596;2.6312;-10.0372;0.0507;-0.7956;0.6084
38.540661;-121.746727;38.099998;1;31.740697;31.5977;1010.076421;1.9964;2.6956;-10.0924;0.039;-0.7917;0.6201
38.540661;-121.746727;37.900002;1;31.746601;31.607771;1010.092638;1.978;2.6496;-10.1476;0.0624;-0.78;0.6279
38.540661;-121.746719;37.5;1;31.746601;31.607771;1010.09643;1.9596;2.668;-10.0832;0.0429;-0.7761;0.6045
38.540665;-121.746719;36.900002;1;31.758408;31.607771;1010.075775;1.9136;2.7416;-10.1476;0.0858;-0.8073;0.6201
38.540668;-121.746719;36.599998;1;31.746601;31.607771;1009.990258;1.9872;2.6496;-10.12;0.0546;-0.7878;0.6045
38.540668;-121.746719;36.599998;1;31.764312;31.607771;1010.012358;1.978;2.6312;-10.1384;0.078;-0.8112;0.6045
38.540668;-121.746719;36.599998;1;31.782021;31.61784;1010.064789;1.9872;2.714;-10.0648;0.0468;-0.7995;0.6123
38.540672;-121.746719;36.599998;1;31.782021;31.61784;1010.033409;2.0148;2.6496;-10.12;0.0507;-0.7917;0.585
38.540672;-121.746712;35.299999;1;31.782021;31.63798;1010.053413;1.932;2.668;-10.166;0.0468;-0.8034;0.6201
38.540672;-121.746712;34.900002;1;31.782021;31.64805;1010.023076;2.0056;2.6404;-10.1292;0.0429;-0.7956;0.6045
38.540676;-121.746704;35.200001;1;31.805631;31.64805;1010.042412;1.9504;2.7232;-10.1292;0.0507;-0.7995;0.6123
38.540676;-121.746704;36.5;1;31.823337;31.64805;1010.068283;1.9964;2.6772;-10.1568;0.078;-0.7761;0.6084
38.540676;-121.746704;36.700001;1;31.823337;31.66819;1010.060699;1.932;2.7048;-10.1752;0.0507;-0.7878;0.5967
38.540676;-121.746704;37.799999;1;31.823337;31.66819;1010.064491;1.9872;2.6036;-10.074;0.0468;-0.7956;0.624
38.540676;-121.746704;38.700001;1;31.83514;31.678261;1010.077943;1.9596;2.622;-10.0464;0.0546;-0.7839;0.624
38.540676;-121.746712;39.599998;1;31.841042;31.678261;1010.060016;1.9688;2.668;-10.1108;0.0585;-0.7917;0.6045
38.540676;-121.746712;40.700001;1;31.858744;31.678261;1010.100012;1.9136;2.668;-10.166;0.078;-0.8307;0.6084
38.540676;-121.746719;42.5;1;31.864645;31.68833;1010.105871;1.9688;2.6956;-10.1108;0.0585;-0.7995;0.6045
38.540676;-121.746719;43.099998;1;31.876446;31.68833;1010.100349;1.978;2.6496;-10.0556;0.0429;-0.7878;0.5967
38.54068;-121.746719;42.400002;1;31.864645;31.68833;1010.033808;1.9688;2.6404;-10.1108;0.0702;-0.7995;0.6045
38.540684;-121.746712;41.400002;1;31.882346;31.68833;1010.146894;1.9504;2.6496;-10.166;0.0585;-0.8034;0.6123
38.540684;-121.746712;40.799999;1;31.870545;31.68833;1010.082414;1.978;2.6956;-10.12;0.0468;-0.8034;0.6279
38.540688;-121.746712;39.799999;1;31.888246;31.678261;1010.098616;1.9872;2.6496;-10.1292;0.0702;-0.7722;0.6084
38.540691;-121.746712;39.099998;1;31.894146;31.678261;1010.088265;1.978;2.6588;-10.0924;0.0546;-0.7917;0.6279
38.540691;-121.746704;38.5;1;31.900045;31.678261;1010.058948;1.9872;2.6312;-10.166;0.0585;-0.7917;0.5928
38.540691;-121.746704;38.099998;1;31.905945;31.678261;1010.052389;1.978;2.6956;-10.1568;0.0585;-0.7839;0.624
38.540691;-121.746704;38.5;1;31.911844;31.678261;1010.049621;2.0056;2.6772;-10.1568;0.0429;-0.7566;0.6162
38.540695;-121.746704;38.299999;1;31.923642;31.68833;1010.116155;1.9872;2.6404;-10.12;0.0546;-0.7722;0.624
38.540695;-121.746704;37.5;1;31.911844;31.68833;1010.049621;2.0332;2.6864;-10.1844;0.0663;-0.7722;0.624
38.540695;-121.746704;36.700001;1;31.929541;31.68833;1010.031679;1.9596;2.6864;-10.1476;0.0468;-0.8034;0.6045
38.540699;-121.746704;34.599998;1;31.929541;31.708469;1010.094419;1.9872;2.6404;-10.1292;0.0351;-0.7839;0.6162
38.540695;-121.746704;34.200001;1;31.935439;31.708469;1010.030954;1.9504;2.7232;-10.0556;0.0468;-0.7878;0.6084
38.540695;-121.746704;34.299999;1;31.947236;31.71854;1010.047149;1.9688;2.6772;-10.1384;0.0468;-0.7683;0.6084
38.540695;-121.746704;33.900002;1;31.959032;31.71854;1010.09573;1.978;2.6772;-10.1476;0.0468;-0.7956;0.6084
38.540695;-121.746696;32.5;1;31.953134;31.73868;1010.041602;1.9872;2.7232;-10.1752;0.0624;-0.7683;0.6279
38.540699;-121.746696;31.200001;1;31.970828;31.73868;1010.032258;1.932;2.6496;-10.1936;0.0429;-0.7683;0.6123
38.540699;-121.746696;30.5;1;31.976725;31.73868;1010.091196;1.9964;2.7416;-10.1016;0.0585;-0.7995;0.5928
38.540699;-121.746696;30.200001;1;31.982622;31.73868;1010.096006;1.9596;2.6956;-10.12;0.0546;-0.7956;0.6006
38.540699;-121.746696;29.6;1;31.98852;31.73868;1010.095255;1.9504;2.6128;-10.1292;0.0507;-0.8073;0.6162
38.540699;-121.746696;29.200001;1;31.982622;31.73868;1010.020131;1.978;2.668;-10.1108;0.0546;-0.7839;0.585
38.540703;-121.746696;28.700001;1;32.000313;31.75882;1010.057316;1.978;2.668;-10.166;0.0312;-0.7878;0.585
38.540699;-121.746696;29;1;32.018003;31.748751;1009.961457;1.9964;2.6588;-10.1476;0.0429;-0.7917;0.6045
38.540699;-121.746704;29.299999;1;32.012106;31.75882;1010.032782;1.9504;2.6588;-10.1016;0.0546;-0.78;0.6084
38.540699;-121.746704;29.1;1;32.023899;31.75882;1010.08033;1.9596;2.7508;-10.12;0.0546;-0.7878;0.6162
38.540699;-121.746704;29.4;1;32.035691;31.778959;1010.06136;1.9504;2.668;-10.1016;0.0702;-0.7917;0.6396
38.540699;-121.746704;29.6;1;32.041586;31.778959;1010.053001;1.978;2.6956;-10.1844;0.0468;-0.7839;0.6201
38.540699;-121.746704;29.6;1;32.041586;31.778959;1010.060589;1.9504;2.6496;-10.0648;0.0507;-0.7839;0.624
38.540699;-121.746704;29.700001;1;32.053377;31.778959;1010.086372;1.9228;2.6404;-10.1384;0.0546;-0.7761;0.6201
38.540699;-121.746712;31;1;32.059272;31.778959;1010.056017;1.9964;2.6772;-10.0556;0.039;-0.78;0.585
38.540699;-121.746712;31.1;1;32.065167;31.80917;1010.053227;1.978;2.6312;-10.0648;0.0507;-0.7878;0.624
38.540699;-121.746712;31.5;1;32.076957;31.78903;1010.070409;1.9964;2.668;-10.1016;0.039;-0.78;0.6084
38.540699;-121.746712;31.299999;1;32.082851;31.80917;1010.072411;1.9872;2.622;-10.1108;0.0468;-0.8034;0.6279
38.540695;-121.746719;31.5;1;32.088745;31.80917;1010.083795;1.9872;2.668;-10.1384;0.0312;-0.78;0.5889
38.540695;-121.746719;31.6;1;32.09464;31.819241;1010.092384;1.978;2.6404;-10.12;0.0663;-0.7878;0.624
38.540695;-121.746719;31.6;1;32.106427;31.829309;1010.03167;1.9596;2.6864;-10.1108;0.0468;-0.78;0.624
38.540695;-121.746719;31.5;1;32.112321;31.829309;1010.076405;1.9688;2.668;-10.1384;0.0507;-0.7839;0.6318
38.540695;-121.746719;31.799999;1;32.118214;31.849449;1010.084991;1.9504;2.622;-10.12;0.0663;-0.7878;0.6396
38.540695;-121.746719;32.299999;1;32.118214;31.849449;1010.009095;1.932;2.6956;-10.1568;0.0546;-0.7995;0.5967
38.540695;-121.746719;31.6;1;32.135894;31.85952;1010.084181;1.9596;2.7416;-10.12;0.0468;-0.7722;0.624
38.540695;-121.746719;31.4;1;32.135894;31.85952;1010.057616;1.9688;2.6864;-10.166;0.0741;-0.7722;0.6123
38.540691;-121.746719;32.099998;1;32.159464;31.87966;1010.137485;1.9596;2.6036;-10.1384;0.0546;-0.78;0.5928
38.540691;-121.746719;31.799999;1;32.165356;31.87966;1010.11191;1.9688;2.6864;-10.12;0.0663;-0.8073;0.5967
38.540691;-121.746719;31.5;1;32.165356;31.88973;1010.084353;1.9504;2.6864;-10.0924;0.0585;-0.7917;0.6084
38.540695;-121.746719;31.1;1;32.165356;31.88973;1010.080558;1.9688;2.7048;-10.1384;0.0624;-0.8112;0.6279
38.540695;-121.746719;30.799999;1;32.17714;31.899799;1010.08732;1.9412;2.7048;-10.1016;0.0663;-0.7995;0.6006
38.540695;-121.746719;31.1;1;32.17714;31.88973;1010.083525;1.9228;2.6772;-10.028;0.0351;-0.7839;0.6045
38.540695;-121.746719;31.200001;1;32.165356;31.899799;1010.05415;1.978;2.622;-10.074;0.0468;-0.7995;0.5967
38.540695;-121.746719;31;1;32.183032;31.899799;1010.05415;1.9872;2.6496;-10.12;0.0507;-0.8034;0.5967
38.540695;-121.746727;30.799999;1;32.194815;31.899799;1010.086485;1.9596;2.7048;-10.1292;0.0507;-0.7839;0.5967
38.540695;-121.746727;30.799999;1;32.218379;31.919941;1010.021962;1.978;2.668;-10.0832;0.0585;-0.8112;0.5928
38.540695;-121.746727;31.200001;1;32.200706;31.919941;1010.019151;1.9964;2.7048;-10.1016;0.0546;-0.7761;0.5889
38.540695;-121.746727;31.200001;1;32.206597;31.93001;1010.050498;1.9688;2.6404;-10.1108;0.0546;-0.78;0.585
38.540695;-121.746727;31.6;1;32.230159;31.93001;1010.065811;1.9504;2.6864;-10.1568;0.078;-0.8034;0.5928
38.540695;-121.746727;32;1;32.230159;31.93001;1010.100952;1.978;2.6772;-10.0924;0.0585;-0.7839;0.6006
38.540695;-121.746727;32.299999;1;32.24194;31.940081;1010.067769;1.9688;2.6864;-10.1108;0.0507;-0.7761;0.6279
38.540695;-121.746727;32.200001;1;32.24194;31.940081;1010.029811;1.9688;2.6496;-10.12;0.0351;-0.7761;0.5811
38.540695;-121.746727;32.200001;1;32.24194;31.96022;1010.060178;1.9596;2.6956;-10.1752;0.0468;-0.8034;0.6084
38.540695;-121.746727;32.099998;1;32.259609;31.970289;1010.075472;1.9596;2.668;-10.1568;0.0429;-0.7878;0.6084
38.540695;-121.746727;32.400002;1;32.265498;31.970289;1010.045104;1.9872;2.6864;-10.1108;0.0663;-0.7761;0.6318
38.540695;-121.746727;32.5;1;32.271387;31.970289;1010.091631;2.0148;2.668;-10.0832;0.0546;-0.7839;0.6474
38.540695;-121.746727;32.700001;1;32.283165;31.990431;1010.111585;1.978;2.7416;-10.1016;0.0702;-0.7683;0.624
38.540695;-121.746727;32.099998;1;32.283165;31.990431;1010.067005;1.9872;2.6404;-10.12;0.0546;-0.7878;0.6123
38.540695;-121.746727;32.099998;1;32.294943;32.0005;1010.084133;1.9964;2.6772;-10.1016;0.0585;-0.8073;0.6279
38.540695;-121.746727;32.099998;1;32.300831;32.010571;1010.069919;1.9872;2.7048;-10.0832;0.0468;-0.7917;0.6084
38.540691;-121.746727;32.200001;1;32.300831;32.010571;1010.009179;1.9504;2.6772;-10.1752;0.0624;-0.7761;0.624
38.540691;-121.746727;32;1;32.306719;32.010571;1010.040518;1.9412;2.6496;-10.0924;0.039;-0.8034;0.5967
38.540691;-121.746727;31.9;1;32.312607;32.030708;1010.033894;1.9504;2.668;-10.074;0.0546;-0.7878;0.5967
38.540691;-121.746727;32.099998;1;32.324383;32.030708;1010.066199;1.932;2.714;-10.2028;0.0507;-0.7839;0.6084
38.540691;-121.746727;32.099998;1;32.324383;32.030708;1010.05481;1.978;2.6864;-10.12;0.0507;-0.7683;0.6084
38.540691;-121.746727;31.9;1;32.342045;32.010571;1010.099468;1.9872;2.668;-10.1016;0.0429;-0.7995;0.5889
38.540691;-121.746727;31.700001;1;32.336158;32.030708;1010.068131;1.9136;2.7324;-10.1016;0.0624;-0.7761;0.6201
38.540691;-121.746727;31.5;1;32.342045;32.030708;1010.042519;1.978;2.6772;-10.1292;0.039;-0.7878;0.6162
38.540691;-121.746727;31.200001;1;32.347932;32.030708;1010.062466;1.9688;2.668;-10.1016;0.0468;-0.7761;0.585
38.540691;-121.746727;31.299999;1;32.365592;32.030708;1010.095726;1.9688;2.6404;-10.1292;0.0624;-0.7956;0.6123
38.540688;-121.746727;31.700001;1;32.371479;32.040779;1010.100483;1.9872;2.6312;-10.0924;0.0546;-0.78;0.6123
38.540688;-121.746727;31.5;1;32.371479;32.040779;1010.047328;1.9872;2.668;-10.0924;0.0546;-0.8034;0.6123
38.540688;-121.746727;31.6;1;32.377365;32.060921;1010.04449;1.978;2.6864;-10.1476;0.0507;-0.7878;0.6045
38.540688;-121.746727;31.4;1;32.383251;32.070992;1010.053043;1.932;2.6956;-10.0556;0.0507;-0.7722;0.5811
38.540684;-121.746735;32;1;32.395023;32.070992;1010.081536;1.9596;2.6404;-10.0648;0.0507;-0.7917;0.5889
38.540684;-121.746735;31.700001;1;32.400909;32.070992;1010.055913;1.9964;2.6864;-10.0648;0.0468;-0.7878;0.6084
38.540684;-121.746727;31.6;1;32.406794;32.081059;1009.997046;1.9688;2.6496;-10.1108;0.0585;-0.7995;0.6123
38.540684;-121.746727;31.5;1;32.418564;32.081059;1010.058776;1.9504;2.6956;-10.1384;0.039;-0.7761;0.6084
38.540684;-121.746727;31;1;32.430334;32.081059;1010.060681;1.932;2.7416;-10.1292;0.0624;-0.8073;0.6045
38.540684;-121.746727;31;1;32.430334;32.1012;1010.060681;1.9504;2.668;-10.12;0.0468;-0.7878;0.624
38.540684;-121.746727;30.9;1;32.442103;32.1012;1010.054037;1.9964;2.6496;-10.1384;0.0429;-0.7878;0.5928
38.54068;-121.746727;30.799999;1;32.442103;32.1012;1010.058785;1.9504;2.668;-10.0924;0.0507;-0.7839;0.6123
38.54068;-121.746719;30.700001;1;32.453872;32.1012;1010.102455;1.9228;2.6588;-10.1016;0.0468;-0.7995;0.6045
38.540676;-121.746719;31;1;32.453872;32.111271;1010.054988;2.0148;2.7416;-10.1384;0.0507;-0.7761;0.6006
38.540676;-121.746719;31.5;1;32.459756;32.111271;1010.080618;1.9688;2.622;-10.0556;0.039;-0.7917;0.6045
38.540676;-121.746719;31.6;1;32.453872;32.131409;1010.037898;1.978;2.6588;-10.1568;0.0624;-0.7917;0.6201
38.540676;-121.746719;31.6;1;32.465639;32.131409;1010.073971;1.9596;2.6588;-10.2304;0.0312;-0.7722;0.5889
38.540676;-121.746719;31.6;1;32.477407;32.141479;1010.049279;2.024;2.6772;-10.074;0.0624;-0.7722;0.624
38.540676;-121.746719;31.6;1;32.489173;32.141479;1010.092942;1.9412;2.6588;-10.0832;0.0507;-0.7995;0.6123
38.540676;-121.746719;31.700001;1;32.500939;32.15155;1010.07204;1.978;2.668;-10.1476;0.0429;-0.7956;0.585
38.540672;-121.746719;31.799999;1;32.495056;32.15155;1010.074896;1.9504;2.6956;-10.1016;0.0507;-0.7956;0.6084
38.540672;-121.746719;31.9;1;32.512704;32.171692;1010.111902;1.9688;2.6588;-10.1384;0.0468;-0.8034;0.624
38.540672;-121.746719;32;1;32.512704;32.15155;1010.104306;1.9872;2.6772;-10.0832;0.0585;-0.7878;0.6123
38.540672;-121.746719;32.400002;1;32.512704;32.171692;1010.070124;2.024;2.6496;-10.12;0.0585;-0.7917;0.6279
38.540672;-121.746719;32.700001;1;32.524469;32.171692;1010.136569;1.9596;2.6404;-10.0924;0.0507;-0.7995;0.6123
38.540668;-121.746719;33.200001;1;32.536233;32.181759;1010.115657;1.9964;2.7508;-10.1568;0.0585;-0.7878;0.6201
38.540668;-121.746719;33.5;1;32.536233;32.2019;1010.050152;2.0056;2.668;-10.0832;0.0429;-0.8112;0.5928
38.540668;-121.746719;33.700001;1;32.542114;32.2019;1010.112796;1.9596;2.6772;-10.1292;0.0702;-0.78;0.6279
38.540668;-121.746719;34;1;32.547996;32.211971;1010.098539;1.9872;2.6588;-10.0832;0.0507;-0.7995;0.6123
38.540668;-121.746712;34;1;32.547996;32.211971;1010.060556;1.9412;2.7508;-10.0832;0.0585;-0.7722;0.5811
38.540668;-121.746712;34.299999;1;32.565639;32.222038;1010.077618;1.9964;2.6128;-10.0832;0.0546;-0.7956;0.6123
38.540668;-121.746712;34.799999;1;32.565639;32.222038;1010.070954;1.9596;2.6588;-10.028;0.0546;-0.7761;0.6084
38.540672;-121.746712;35.900002;1;32.559758;32.24218;1010.077618;1.9872;2.6864;-10.0464;0.0507;-0.78;0.6123
38.540672;-121.746712;36.5;1;32.559758;32.252251;1010.076684;1.9872;2.622;-10.12;0.0468;-0.7917;0.6123
38.540672;-121.746712;37;1;32.565639;32.24218;1010.021575;1.9504;2.6588;-10.0372;0.0468;-0.8034;0.6006
38.540672;-121.746704;37.299999;1;32.577401;32.24218;1010.069019;1.9412;2.6864;-10.1108;0.0507;-0.7644;0.6201
38.540676;-121.746704;37.200001;1;32.583282;32.24218;1010.127858;1.9872;2.7416;-10.0832;0.0585;-0.7683;0.6162
38.540676;-121.746696;37.799999;1;32.589162;32.262321;1010.078476;1.9228;2.6956;-10.0924;0.0468;-0.7839;0.6045
38.540676;-121.746696;38.200001;1;32.595042;32.252251;1010.083204;1.9412;2.7048;-10.1568;0.0468;-0.7683;0.5889
38.54068;-121.746696;38.700001;1;32.612682;32.262321;1010.041419;1.9872;2.7232;-10.1108;0.0585;-0.7995;0.6123
38.54068;-121.746689;39;1;32.600922;32.262321;1010.057541;1.9596;2.6404;-10.12;0.0351;-0.7722;0.6006
38.540684;-121.746681;40;1;32.600922;32.282459;1010.042347;1.9964;2.6864;-10.12;0.0429;-0.7995;0.624
38.540684;-121.746681;40.400002;1;32.618562;32.282459;1010.105905;1.9504;2.714;-10.074;0.0663;-0.7761;0.6006
38.540688;-121.746681;40.799999;1;32.618562;32.282459;1010.102107;1.9688;2.6496;-10.1108;0.0546;-0.7917;0.6084
38.540688;-121.746681;41.400002;1;32.618562;32.282459;1010.083113;1.9596;2.6312;-10.0464;0.0663;-0.7995;0.624
38.540688;-121.746674;41.799999;1;32.636199;32.282459;1010.050771;1.9872;2.6772;-10.1476;0.0624;-0.7878;0.6084
38.540688;-121.746674;42.400002;1;32.636199;32.282459;1010.074488;1.9504;2.6496;-10.074;0.039;-0.7839;0.585
38.540691;-121.746666;42.900002;1;32.63032;32.282459;1010.024179;2.0056;2.6864;-10.0556;0.0702;-0.7566;0.585
38.540695;-121.746666;43.299999;1;32.653836;32.262321;1010.052616;1.9964;2.668;-10.1016;0.0507;-0.7917;0.6162
38.540695;-121.746666;42.900002;1;32.642078;32.282459;1010.08485;1.9964;2.622;-10.1752;0.0468;-0.7917;0.6201
38.540695;-121.746666;43.099998;1;32.659714;32.282459;1010.045018;1.9688;2.622;-10.1384;0.0507;-0.7917;0.6006
38.540695;-121.746658;43.400002;1;32.653836;32.29253;1010.020266;1.9412;2.7048;-10.0464;0.0468;-0.7683;0.5928
38.540691;-121.746658;43.599998;1;32.659714;32.29253;1010.051578;2.024;2.6496;-10.0464;0.0546;-0.8034;0.6162
38.540691;-121.746658;43.5;1;32.683226;32.29253;1010.065729;1.978;2.6956;-10.1016;0.039;-0.8229;0.5967
38.540691;-121.746658;43.5;1;32.677349;32.312672;1010.031536;1.932;2.6864;-10.0648;0.0351;-0.7761;0.6045
38.540691;-121.746658;43.599998;1;32.689104;32.312672;1010.07136;1.9412;2.6404;-10.0648;0.0507;-0.7839;0.6045
38.540691;-121.746658;43.5;1;32.689104;32.322739;1010.005856;1.9964;2.6956;-10.0832;0.0468;-0.7878;0.6123
38.540691;-121.746651;43.400002;1;32.689104;32.322739;1010.021969;1.9964;2.6864;-10.1016;0.0507;-0.7917;0.6357
38.540688;-121.746658;43.200001;1;32.694982;32.332809;1010.064676;1.9596;2.6588;-10.1016;0.0312;-0.8151;0.5928
38.540688;-121.746658;42.799999;1;32.694982;32.322739;1010.026682;1.9596;2.6864;-10.0464;0.0351;-0.7722;0.5772
38.540688;-121.746658;42.900002;1;32.706736;32.332809;1010.058904;1.9688;2.7508;-10.1476;0.0312;-0.7995;0.585
38.540688;-121.746651;43.099998;1;32.706736;32.332809;1010.070302;1.9504;2.668;-10.1568;0.0624;-0.7917;0.5967
38.540684;-121.746658;42.099998;1;32.724367;32.352951;1010.073037;1.978;2.6772;-10.1108;0.0585;-0.7839;0.624
38.54068;-121.746658;41.299999;1;32.724367;32.352951;1010.04264;1.9872;2.6588;-10.0464;0.0468;-0.7995;0.5967
38.540676;-121.746658;40.700001;1;32.724367;32.352951;1010.069237;2.0056;2.6588;-10.074;0.0624;-0.7839;0.624
38.540676;-121.746658;40.5;1;32.73612;32.352951;1010.059656;1.9596;2.6404;-10.1292;0.0624;-0.7761;0.6123
38.540672;-121.746658;39.400002;1;32.73612;32.363022;1010.021659;1.9596;2.6496;-10.0924;0.0585;-0.7995;0.6045
38.540672;-121.746658;38.5;1;32.73612;32.363022;1010.029259;1.9688;2.6864;-10.1292;0.0468;-0.7761;0.6162
38.540668;-121.746666;38.200001;1;32.747872;32.38316;1010.083363;1.9964;2.714;-10.0832;0.0429;-0.7878;0.624
38.540668;-121.746666;37.900002;1;32.759623;32.38316;1010.093683;1.9228;2.7048;-10.1384;0.0585;-0.7917;0.6162
38.540665;-121.746666;37.599998;1;32.765499;32.38316;1010.086988;1.9872;2.668;-10.0648;0.039;-0.7605;0.5655
38.540661;-121.746674;35.700001;1;32.771374;32.38316;1010.096396;1.9596;2.6404;-10.0832;0.0624;-0.8034;0.6084
38.540661;-121.746674;35.599998;1;32.771374;32.39323;1010.065092;1.9688;2.6588;-10.0832;0.039;-0.7917;0.5772
38.540657;-121.746674;35.099998;1;32.783125;32.39323;1010.097298;1.9688;2.7324;-10.0648;0.0507;-0.7995;0.6162
38.540657;-121.746674;34.700001;1;32.783125;32.39323;1010.106701;1.9504;2.6404;-10.1108;0.0429;-0.7878;0.6123
38.540657;-121.746674;34.5;1;32.789;32.403301;1010.067799;1.9872;2.6496;-10.1016;0.0585;-0.7956;0.6318
38.540657;-121.746674;34.299999;1;32.806623;32.403301;1010.059097;1.9044;2.6772;-10.0648;0.0624;-0.7722;0.5889
38.540653;-121.746674;33.799999;1;32.800749;32.423439;1010.059097;1.9964;2.6772;-10.0832;0.0429;-0.78;0.6162
38.540653;-121.746674;33.099998;1;32.812498;32.423439;1010.086598;1.9688;2.6128;-10.0556;0.0702;-0.7878;0.5928
38.540653;-121.746674;33.200001;1;32.812498;32.43351;1010.037193;1.9688;2.714;-10.166;0.039;-0.7644;0.5889
38.540653;-121.746674;33.099998;1;32.818372;32.43351;1010.014391;1.9964;2.668;-10.1292;0.0468;-0.78;0.6084
38.540653;-121.746681;33.099998;1;32.818372;32.453651;1010.007687;1.978;2.6588;-10.0832;0.0858;-0.7644;0.6279
38.540653;-121.746681;33.200001;1;32.835993;32.453651;1010.044577;1.9044;2.6404;-10.0372;0.0585;-0.7839;0.6162
38.540653;-121.746674;33.099998;1;32.841867;32.453651;1010.06738;1.9504;2.6128;-10.0832;0.0429;-0.7878;0.6201
38.540653;-121.746674;32.799999;1;32.835993;32.453651;1010.014173;1.932;2.6588;-10.1292;0.039;-0.7839;0.5967
38.540653;-121.746674;32.900002;1;32.835993;32.463718;1010.025574;1.9596;2.6496;-10.0924;0.0468;-0.7956;0.5772
38.540653;-121.746674;33.200001;1;32.841867;32.473789;1010.081462;1.9596;2.6864;-10.1476;0.0663;-0.7566;0.6162
38.540653;-121.746674;33.200001;1;32.865359;32.473789;1010.083244;1.9412;2.6864;-10.12;0.0351;-0.7644;0.6123
38.540653;-121.746674;33.400002;1;32.865359;32.473789;1010.094647;1.9504;2.6864;-10.0464;0.039;-0.7917;0.6201
38.540653;-121.746674;33.599998;1;32.865359;32.473789;1010.049037;1.978;2.6772;-10.0372;0.0858;-0.7644;0.6396
38.540653;-121.746674;33.5;1;32.865359;32.473789;1010.071842;1.9688;2.7048;-10.0556;0.0624;-0.7644;0.5889
38.540653;-121.746674;32.900002;1;32.877104;32.493931;1010.073621;1.9872;2.6864;-10.0924;0.0429;-0.8034;0.6279
38.540653;-121.746674;32.900002;1;32.888849;32.493931;1010.066908;1.9688;2.6772;-10.1016;0.0429;-0.78;0.6084
38.540653;-121.746674;32.700001;1;32.888849;32.504002;1010.075397;1.9412;2.6864;-10.1108;0.0507;-0.7839;0.6045
38.540653;-121.746674;33;1;32.900592;32.504002;1010.092374;1.9596;2.6772;-10.1384;0.0585;-0.7878;0.5928
38.540653;-121.746674;33.299999;1;32.900592;32.504002;1010.09706;1.9872;2.6588;-10.12;0.0468;-0.7956;0.5889
38.540653;-121.746674;33.5;1;32.900592;32.504002;1010.050562;2.0056;2.6496;-10.1016;0.0585;-0.7917;0.6279
38.540657;-121.746674;33.700001;1;32.906464;32.524139;1010.032442;1.9596;2.6404;-10.0648;0.0429;-0.78;0.6201
38.540661;-121.746674;37.599998;1;32.918207;32.524139;1010.068419;1.9504;2.6772;-10.0556;0.0507;-0.7956;0.6045
38.540661;-121.746674;37.900002;1;32.924078;32.53421;1010.099711;1.9412;2.7048;-10.1384;0.0546;-0.78;0.6357
38.540665;-121.746674;38;1;32.929949;32.53421;1010.070183;1.978;2.6864;-10.0924;0.0507;-0.7995;0.6123
38.540665;-121.746674;38.099998;1;32.93582;32.53421;1010.031289;1.9688;2.6404;-10.0648;0.0507;-0.7995;0.5928
38.540665;-121.746674;38;1;32.941691;32.53421;1010.090951;1.9688;2.6956;-10.074;0.078;-0.7605;0.6201
38.540665;-121.746674;37.400002;1;32.93582;32.544281;1010.063461;1.932;2.714;-10.1384;0.0507;-0.7917;0.6045
38.540665;-121.746674;37.400002;1;32.947562;32.564419;1010.088029;2.024;2.6956;-10.074;0.0702;-0.7839;0.6006
38.540665;-121.746674;37.200001;1;32.947562;32.544281;1010.050015;1.9964;2.6036;-10.074;0.0585;-0.7917;0.6162
38.540665;-121.746674;36.799999;1;32.947562;32.564419;1010.027206;1.9412;2.6956;-10.0924;0.0468;-0.78;0.6162
38.540665;-121.746674;36.5;1;32.953432;32.564419;1010.04329;1.9504;2.6772;-10.0832;0.0546;-0.7722;0.6201
38.540665;-121.746674;36.299999;1;32.959302;32.57449;1010.067853;1.9412;2.7048;-10.1292;0.0468;-0.8034;0.6123
38.540665;-121.746674;35.799999;1;32.982782;32.594631;1010.070478;1.932;2.668;-10.1108;0.078;-0.8034;0.6045
38.540661;-121.746681;35.5;1;32.971042;32.594631;1010.061126;1.9964;2.6956;-10.12;0.0624;-0.78;0.5928
38.540661;-121.746681;35.200001;1;32.982782;32.594631;1010.050596;1.9504;2.6496;-10.0556;0.0702;-0.78;0.5733
38.540661;-121.746681;34.799999;1;33.00039;32.594631;1010.073096;1.978;2.6772;-10.1016;0.0585;-0.7917;0.6123
38.540661;-121.746681;34.400002;1;32.99452;32.594631;1010.068423;1.9964;2.6772;-10.074;0.0507;-0.7839;0.5928
38.540661;-121.746681;34;1;32.982782;32.604698;1010.05147;1.9228;2.668;-10.0648;0.0663;-0.7956;0.6435
38.540661;-121.746681;33.5;1;33.006259;32.594631;1010.049414;1.932;2.6496;-10.1016;0.0702;-0.8112;0.6318
38.540661;-121.746681;33.200001;1;33.006259;32.594631;1010.111986;1.9596;2.7048;-10.074;0.0507;-0.78;0.6045
38.540661;-121.746681;32.799999;1;33.006259;32.604698;1010.130996;1.9412;2.6404;-10.0004;0.0585;-0.7917;0.624
38.540657;-121.746681;31.799999;1;33.017996;32.604698;1010.071905;1.9872;2.6496;-10.074;0.0507;-0.78;0.6045
38.540657;-121.746681;30.700001;1;33.023865;32.604698;1010.106992;1.9872;2.668;-10.0832;0.0234;-0.7995;0.585
38.540653;-121.746681;29.700001;1;33.023865;32.604698;1010.065169;1.9504;2.7232;-10.1108;0.0663;-0.7722;0.6162
38.540653;-121.746689;29.1;1;33.035601;32.614769;1010.072774;1.9504;2.668;-10.0832;0.0585;-0.7956;0.585
38.540653;-121.746689;28.4;1;33.029733;32.614769;1010.096454;1.978;2.6864;-10.1292;0.0351;-0.7917;0.5889
38.540653;-121.746689;28;1;33.053205;32.634911;1010.122731;1.978;2.6864;-10.1292;0.0546;-0.7839;0.6006
38.540653;-121.746689;27.6;1;33.053205;32.634911;1010.090583;1.932;2.668;-10.1108;0.0624;-0.7722;0.6279
38.540653;-121.746689;26.700001;1;33.053205;32.614769;1010.13794;2.0056;2.6404;-10.12;0.0624;-0.7878;0.6084
38.540653;-121.746689;26.200001;1;33.041469;32.614769;1010.082979;1.9688;2.6496;-10.0648;0.0351;-0.7917;0.6123
38.540649;-121.746689;26.1;1;33.041469;32.614769;1010.071572;1.9504;2.6772;-10.1384;0.0468;-0.7956;0.6006
38.540649;-121.746696;26;1;33.047337;32.614769;1010.053426;1.9688;2.668;-10.074;0.039;-0.8112;0.5967
38.540649;-121.746696;25.6;1;33.041469;32.634911;1010.084709;1.9044;2.7048;-10.0648;0.0546;-0.7995;0.585
38.540649;-121.746696;25.4;1;33.053205;32.614769;1010.02007;1.9136;2.668;-10.1016;0.0312;-0.7995;0.6045
38.540646;-121.746696;24.9;1;33.059072;32.634911;1010.100782;1.9504;2.668;-10.0924;0.0468;-0.7644;0.5772
38.540642;-121.746704;23.299999;1;33.053205;32.634911;1010.02007;1.9504;2.7048;-10.028;0.0663;-0.8034;0.5928
38.540642;-121.746712;23.299999;1;33.06494;32.634911;1010.059819;1.9504;2.6588;-10.0464;0.0429;-0.7917;0.6201
38.540642;-121.746712;22.9;1;33.070807;32.644981;1010.083495;1.9504;2.7048;-10.1476;0.0468;-0.7761;0.6084
38.540638;-121.746712;22.1;1;33.088408;32.644981;1010.112695;1.9412;2.622;-10.0832;0.0468;-0.7683;0.6084
38.540638;-121.746712;21.200001;1;33.088408;32.644981;1010.038727;1.978;2.7048;-10.1568;0.0546;-0.7917;0.6084
38.540638;-121.746712;20.9;1;33.094274;32.644981;1010.083133;1.9964;2.6772;-10.0004;0.0546;-0.8112;0.6162
38.540638;-121.746719;21.1;1;33.088408;32.644981;1010.063262;1.9412;2.6128;-10.0832;0.0507;-0.8151;0.6123
38.540638;-121.746719;21.799999;1;33.088408;32.655048;1010.044249;1.9688;2.7416;-10.1292;0.0507;-0.7956;0.6006
38.540638;-121.746719;21.5;1;33.088408;32.655048;1010.061175;1.9228;2.6404;-10.0004;0.0507;-0.7683;0.5889
38.540638;-121.746719;21.5;1;33.094274;32.67519;1010.018489;1.932;2.6864;-10.0832;0.0624;-0.7995;0.624
38.540638;-121.746719;21.9;1;33.100141;32.67519;1010.03836;1.9964;2.6588;-10.1108;0.0507;-0.7761;0.5967
38.540638;-121.746727;22.5;1;33.111873;32.67519;1010.039216;2.0148;2.6864;-10.028;0.0546;-0.7839;0.5889
38.540638;-121.746727;22.799999;1;33.111873;32.685261;1010.095021;1.9504;2.6496;-10.1292;0.0585;-0.7761;0.5811
38.540638;-121.746727;23.200001;1;33.123605;32.685261;1010.078099;1.932;2.6864;-10.0556;0.0507;-0.7917;0.6084
38.540638;-121.746727;23.4;1;33.141201;32.685261;1010.116595;2.024;2.6864;-10.1108;0.0468;-0.7995;0.6045
38.540638;-121.746727;23.700001;1;33.129471;32.705399;1010.092072;1.932;2.6772;-10.1016;0.0702;-0.7566;0.6162
38.540638;-121.746735;24;1;33.135336;32.705399;1010.046438;1.9688;2.6864;-10.0832;0.0429;-0.7917;0.5733
38.540638;-121.746735;23.9;1;33.141201;32.705399;1010.089975;1.9228;2.6864;-10.074;0.0429;-0.7878;0.6045
38.540638;-121.746735;23.9;1;33.147066;32.715469;1010.090826;1.932;2.6496;-10.074;0.0507;-0.7761;0.6084
38.540638;-121.746735;23.9;1;33.147066;32.715469;1010.064205;1.9688;2.7048;-10.0648;0.0468;-0.7761;0.5889
38.540638;-121.746735;23.9;1;33.147066;32.715469;1010.064205;2.0056;2.6864;-10.0556;0.0468;-0.8034;0.6006
38.540638;-121.746735;23.9;1;33.158796;32.72554;1010.069708;1.9596;2.6588;-10.1108;0.0702;-0.7683;0.6396
38.540638;-121.746735;23.9;1;33.17639;32.715469;1010.049843;1.9688;2.6956;-10.0096;0.0468;-0.7956;0.5928
38.540638;-121.746735;23.6;1;33.170526;32.72554;1010.063799;1.9412;2.622;-10.0832;0.0429;-0.8034;0.6201
38.540638;-121.746735;23.5;1;33.158796;32.72554;1010.050693;2.0148;2.6956;-10.0832;0.0585;-0.7995;0.6162
38.540642;-121.746735;22.799999;1;33.182254;32.72554;1010.044783;1.978;2.6496;-10.0464;0.0546;-0.7839;0.5889
38.540642;-121.746735;22.6;1;33.182254;32.745682;1010.076902;1.9688;2.714;-10.0464;0.0312;-0.8112;0.6084
38.540642;-121.746735;22.200001;1;33.17639;32.745682;1010.007597;1.9136;2.6496;-10.1016;0.0546;-0.7956;0.5889
38.540642;-121.746735;21.9;1;33.182254;32.755749;1010.101413;1.9412;2.668;-10.0648;0.0468;-0.78;0.5928
38.540642;-121.746735;21.700001;1;33.193982;32.745682;1010.067183;1.9596;2.6404;-10.0372;0.0624;-0.7917;0.6279
38.540642;-121.746735;21.4;1;33.193982;32.755749;1010.044362;2.0148;2.6404;-10.1016;0.0585;-0.7839;0.624
38.540642;-121.746735;21;1;33.205709;32.755749;1010.072673;1.9688;2.6772;-10.0648;0.0546;-0.7878;0.6045
38.540638;-121.746742;20.5;1;33.199846;32.755749;1010.064223;1.9412;2.622;-10.0648;0.0663;-0.78;0.6006
38.540638;-121.746742;20;1;33.205709;32.755749;1010.072673;1.978;2.6312;-10.0832;0.0624;-0.8112;0.5967
38.540638;-121.746742;19.5;1;33.205709;32.77589;1010.112393;1.9504;2.6404;-10.0464;0.0507;-0.7839;0.5928
38.540638;-121.746742;19.200001;1;33.211573;32.77589;1010.046891;1.9688;2.7048;-10.0924;0.039;-0.7995;0.6045
38.540638;-121.746742;18.799999;1;33.235025;32.77589;1010.122521;1.9412;2.6496;-10.0096;0.0507;-0.8151;0.5967
38.540638;-121.746742;18.700001;1;33.217436;32.77589;1010.117878;1.9688;2.6496;-10.028;0.0468;-0.8073;0.6084
38.540642;-121.746742;18.4;1;33.229162;32.755749;1010.041805;1.932;2.7048;-10.0648;0.0624;-0.7761;0.6084
38.540642;-121.746742;18.700001;1;33.229162;32.77589;1010.034197;1.9228;2.668;-10.12;0.0624;-0.7995;0.6162
38.540642;-121.74675;18.6;1;33.235025;32.77589;1010.076877;1.978;2.6956;-10.1568;0.039;-0.78;0.5967
38.540642;-121.74675;18.6;1;33.235025;32.785961;1010.054054;1.932;2.714;-10.0464;0.0663;-0.7878;0.6162
38.540642;-121.74675;18.6;1;33.240888;32.785961;1010.066304;1.978;2.6772;-10.1568;0.0585;-0.7761;0.5928
38.540642;-121.74675;18.9;1;33.252612;32.796028;1010.102212;1.9504;2.6956;-10.1016;0.0507;-0.7917;0.6123
38.540642;-121.74675;19.1;1;33.24675;32.796028;1010.059534;1.9504;2.6496;-10.1384;0.0663;-0.78;0.6162
38.540642;-121.74675;19.299999;1;33.252612;32.796028;1010.037547;1.9504;2.7232;-10.1752;0.0546;-0.7917;0.5889
38.540642;-121.746758;19.5;1;33.264337;32.796028;1010.065844;1.9504;2.6588;-10.1292;0.0585;-0.78;0.6201
38.540642;-121.746758;19.700001;1;33.264337;32.796028;1010.092472;1.9504;2.6404;-10.074;0.0546;-0.7878;0.6162
38.540646;-121.746758;19.6;1;33.27606;32.81617;1010.09414;1.978;2.6772;-10.0648;0.0468;-0.7956;0.6084
38.540646;-121.74675;19.4;1;33.270198;32.796028;1010.059071;1.9412;2.714;-10.1108;0.0468;-0.7683;0.5655
38.540646;-121.74675;19.299999;1;33.27606;32.81617;1010.067512;1.9964;2.668;-10.0832;0.0312;-0.7722;0.6396
38.540646;-121.74675;19.4;1;33.287783;32.81617;1010.107217;1.9688;2.7048;-10.12;0.0663;-0.7566;0.6084
38.540646;-121.74675;19.200001;1;33.287783;32.81617;1010.111021;1.9688;2.6772;-10.074;0.0624;-0.7761;0.6318
38.540646;-121.74675;18.799999;1;33.287783;32.826241;1010.015918;1.9412;2.6864;-10.0464;0.0312;-0.8034;0.5772
38.540649;-121.74675;18.299999;1;33.299505;32.826241;1010.037912;1.9872;2.668;-10.0464;0.0507;-0.7566;0.585
38.540649;-121.74675;18.5;1;33.293644;32.826241;1010.028161;1.9872;2.6772;-10.074;0.0468;-0.7917;0.6201
38.540649;-121.74675;18.4;1;33.299505;32.826241;1010.048012;1.9872;2.6864;-10.0556;0.0624;-0.8112;0.624
38.540649;-121.74675;18.6;1;33.305366;32.846378;1010.064058;1.9504;2.6864;-10.1292;0.0312;-0.8073;0.6201
38.540649;-121.746758;18.9;1;33.311227;32.846378;1010.057277;2.0148;2.668;-10.0372;0.0585;-0.8034;0.5967
38.540646;-121.746758;19;1;33.311227;32.846378;1010.026843;1.9504;2.6772;-10.0464;0.0507;-0.8073;0.6045
38.540646;-121.746758;19;1;33.322948;32.856449;1010.055127;1.9596;2.7416;-10.1108;0.0468;-0.7761;0.6084
38.540646;-121.746758;19.1;1;33.322948;32.846378;1010.043714;1.9504;2.6956;-10.1292;0.0624;-0.7956;0.6201
38.540646;-121.746758;18.9;1;33.322948;32.856449;1010.009474;1.9504;2.6772;-10.0648;0.0507;-0.78;0.5889
38.540646;-121.746758;18.6;1;33.328808;32.846378;1010.048344;2.0056;2.7416;-10.1384;0.0546;-0.7644;0.6318
38.540646;-121.746765;18.4;1;33.346388;32.86652;1010.054621;1.932;2.7324;-10.0832;0.0546;-0.7956;0.6396
38.540646;-121.746765;18.1;1;33.334668;32.86652;1010.024692;1.9964;2.6864;-10.0832;0.0429;-0.7995;0.6162
38.540646;-121.746765;18.299999;1;33.340528;32.86652;1010.057602;1.9688;2.6588;-10.074;0.0429;-0.7878;0.5889
38.540642;-121.746765;18.799999;1;33.346388;32.86652;1010.066034;1.9964;2.6864;-10.0188;0.0429;-0.8112;0.5811
38.540642;-121.746765;18.700001;1;33.340528;32.86652;1010.058425;1.9412;2.668;-10.0832;0.039;-0.78;0.5928
38.540642;-121.746765;18.299999;1;33.358107;32.86652;1010.014413;1.9596;2.6588;-10.0832;0.0546;-0.7566;0.5811
38.540642;-121.746773;18.5;1;33.363966;32.886662;1010.0685;1.9964;2.6772;-10.0832;0.0546;-0.7956;0.585
38.540642;-121.746773;18.6;1;33.346388;32.886662;1010.014413;1.978;2.6956;-10.074;0.0468;-0.8034;0.5889
38.540642;-121.746773;18.700001;1;33.358107;32.886662;1010.063874;1.9504;2.6496;-10.0924;0.0234;-0.7995;0.6201
38.540646;-121.746765;18.1;1;33.363966;32.886662;1010.053281;2.0056;2.6496;-10.074;0.0468;-0.7995;0.6162
38.540646;-121.746765;18.200001;1;33.369826;32.886662;1010.042687;1.9596;2.6956;-10.1108;0.0702;-0.7722;0.5967
38.540646;-121.746765;18.1;1;33.375685;32.896729;1010.039701;1.9964;2.6864;-10.0648;0.0858;-0.78;0.6045
38.540646;-121.746765;17.799999;1;33.381543;32.896729;1010.0253;1.9872;2.6956;-10.0924;0.0351;-0.7995;0.6045
38.540646;-121.746765;17.700001;1;33.381543;32.896729;1010.044324;1.9688;2.6956;-10.0464;0.0351;-0.7917;0.585
38.540646;-121.746765;17.700001;1;33.387402;32.896729;1010.060361;1.9964;2.668;-10.1384;0.0273;-0.78;0.6357
38.540646;-121.746765;17.5;1;33.393261;32.896729;1010.033727;1.9504;2.6312;-10.1108;0.0741;-0.7761;0.5967
38.540646;-121.746765;17.799999;1;33.399119;32.896729;1010.08863;1.9596;2.668;-10.0648;0.0507;-0.78;0.6006
38.540646;-121.746765;18.1;1;33.399119;32.91687;1010.077214;1.8952;2.6864;-10.1292;0.0468;-0.7917;0.5889
38.540649;-121.746765;17.799999;1;33.404977;32.91687;1010.08265;1.9412;2.6588;-10.0924;0.0663;-0.78;0.6084
38.540649;-121.746765;18;1;33.410835;32.91687;1010.116896;1.9688;2.6404;-10.0924;0.0624;-0.8151;0.585
38.540649;-121.746765;18.4;1;33.399119;32.926941;1009.997309;1.9596;2.6956;-10.12;0.0507;-0.7878;0.6162
38.540649;-121.746765;18.700001;1;33.404977;32.926941;1010.014158;1.932;2.7048;-10.0372;0.0624;-0.7722;0.6162
38.540649;-121.746765;18.5;1;33.416693;32.926941;1010.045412;2.0148;2.6588;-10.0096;0.0468;-0.7956;0.5772
38.540649;-121.746765;18.5;1;33.404977;32.926941;1010.020954;2.0056;2.6864;-10.0832;0.0507;-0.7839;0.6201
38.540649;-121.746765;18.5;1;33.404977;32.926941;1010.022581;1.932;2.6772;-10.0832;0.0546;-0.78;0.6045
38.540649;-121.746765;18.6;1;33.422551;32.926941;1010.061446;1.978;2.6956;-10.074;0.0351;-0.8112;0.6513
38.540649;-121.746765;18.9;1;33.428409;32.926941;1010.016595;1.9596;2.6772;-10.1016;0.0429;-0.7839;0.6084
38.540649;-121.746765;18.700001;1;33.440123;32.937012;1010.046225;1.9596;2.6956;-10.1384;0.0663;-0.7995;0.6318
38.540649;-121.746765;18.4;1;33.428409;32.937012;1010.016595;2.0148;2.6864;-10.1384;0.0507;-0.7917;0.6162
38.540649;-121.746765;18.200001;1;33.440123;32.95715;1010.056268;1.9228;2.6772;-10.0556;0.078;-0.7917;0.5967
38.540649;-121.746765;18;1;33.44598;32.937012;1010.044852;1.9228;2.6864;-10.1108;0.0507;-0.7956;0.6201
38.540649;-121.746773;18;1;33.428409;32.95715;1010.054647;1.9964;2.714;-10.1752;0.0546;-0.7956;0.5889
38.540649;-121.746773;18.1;1;33.440123;32.95715;1010.025826;1.932;2.6864;-10.1108;0.0429;-0.78;0.6045
38.540649;-121.746773;18.1;1;33.440123;32.95715;1010.067684;1.9688;2.668;-10.0924;0.0468;-0.78;0.6123
38.540653;-121.746773;18;1;33.451837;32.95715;1010.076914;1.932;2.7508;-10.1292;0.0312;-0.7878;0.5811
38.540653;-121.746773;17.5;1;33.451837;32.96722;1010.065498;1.9596;2.6864;-10.0096;0.0351;-0.7878;0.6435
38.540653;-121.746773;17.299999;1;33.463551;32.96722;1010.078529;1.9688;2.6128;-10.0372;0.0585;-0.7527;0.6006
38.540657;-121.74678;16.6;1;33.457694;32.96722;1010.070111;1.978;2.6864;-10.0924;0.0351;-0.78;0.5928
38.540657;-121.74678;16.5;1;33.457694;32.977291;1010.039667;1.9688;2.7232;-10.1292;0.0273;-0.7878;0.6123
38.540657;-121.74678;16.200001;1;33.457694;32.977291;1010.013029;1.9504;2.6864;-10.12;0.0663;-0.8034;0.6123
38.540657;-121.74678;16;1;33.463551;32.96722;1010.043473;2.0148;2.6864;-10.0924;0.0468;-0.7878;0.6006
38.540661;-121.74678;15.6;1;33.475264;32.977291;1010.026058;1.9688;2.714;-10.0924;0.0624;-0.8034;0.5928
38.540661;-121.746788;15.3;1;33.475264;32.977291;1009.998613;1.978;2.6864;-10.0924;0.0546;-0.7956;0.6162
38.540661;-121.746788;15.1;1;33.475264;32.977291;1009.988002;1.9412;2.6404;-10.0556;0.0819;-0.7956;0.624
38.540661;-121.746788;15.2;1;33.475264;32.977291;1010.007835;1.9504;2.7416;-10.1568;0.0429;-0.8073;0.6123
38.540661;-121.746788;15;1;33.48112;32.997429;1010.04289;2.0148;2.668;-10.0188;0.0429;-0.7995;0.6201
38.540661;-121.746788;13.9;1;33.486976;32.977291;1010.055111;1.9596;2.714;-10.12;0.0468;-0.7995;0.6279
38.540661;-121.746788;13.8;1;33.486976;32.997429;1010.070333;1.9872;2.6496;-10.1016;0.0585;-0.7917;0.5928
38.540661;-121.746788;13.6;1;33.486976;32.997429;1010.013248;1.9688;2.6588;-10.0832;0.0351;-0.78;0.5772
38.540661;-121.746796;13.3;1;33.492832;32.997429;1010.059719;1.9228;2.7324;-10.1752;0.0507;-0.8151;0.6435
38.540661;-121.746788;13.3;1;33.486976;33.0075;1010.032276;1.9964;2.6864;-10.0832;0.0312;-0.7722;0.6474
38.540661;-121.746788;13.3;1;33.498687;33.0075;1010.011046;1.9596;2.668;-10.0464;0.0429;-0.7839;0.624
38.540661;-121.746788;13.3;1;33.486976;33.0075;1010.051305;1.978;2.7048;-10.0372;0.0702;-0.7956;0.585
38.540661;-121.746788;13.5;1;33.504543;33.0075;1009.983604;1.9136;2.7324;-10.0832;0.0546;-0.7761;0.5928
38.540661;-121.746788;13.8;1;33.504543;33.0075;1010.015653;1.9044;2.7232;-10.0924;0.0507;-0.7956;0.5889
38.540661;-121.746788;13.7;1;33.504543;33.0075;1010.008041;1.9596;2.6588;-10.1568;0.0546;-0.7839;0.5889
38.540661;-121.746788;13.8;1;33.498687;33.027641;1009.968381;1.9964;2.714;-10.0464;0.039;-0.7761;0.6318
38.540657;-121.746788;13.7;1;33.516254;33.0075;1010.062923;1.9596;2.6956;-10.0648;0.0312;-0.7956;0.6201
38.540657;-121.746788;13.4;1;33.516254;33.0075;1010.032476;1.9596;2.714;-10.12;0.0312;-0.8034;0.6279
38.540657;-121.746788;13.3;1;33.510398;33.0075;1010.018658;1.9504;2.6864;-10.166;0.0507;-0.7722;0.5772
38.540657;-121.746788;13.3;1;33.510398;33.0075;1010.016453;1.9504;2.7048;-10.1292;0.0468;-0.78;0.6084
38.540657;-121.746788;13.2;1;33.516254;32.997429;1010.024864;1.9596;2.7048;-10.12;0.0507;-0.7839;0.6123
38.540657;-121.746788;13.2;1;33.522109;32.977291;1010.02867;1.9228;2.6036;-10.0832;0.0663;-0.8307;0.6162
38.540657;-121.746788;13;1;33.522109;32.997429;1010.082752;1.9228;2.6312;-10.1016;0.0429;-0.7683;0.6318
38.540653;-121.746788;12.9;1;33.510398;32.997429;1009.959364;1.9228;2.7232;-10.1016;0.0468;-0.7839;0.6006
38.540653;-121.74678;12.7;1;33.522109;33.0075;1010.010439;2.0332;2.7232;-10.074;0.0468;-0.78;0.5967
38.540649;-121.74678;12.8;1;33.539673;33.0075;1010.073727;1.9504;2.714;-10.0464;0.0351;-0.7956;0.5694
38.540649;-121.746788;13;1;33.527964;33.0075;1010.015042;1.9964;2.7232;-10.1016;0.0429;-0.8112;0.6318
38.540646;-121.746788;13;1;33.539673;33.0075;1010.046288;1.978;2.6772;-10.1108;0.0624;-0.7878;0.5811
38.540646;-121.746788;12.5;1;33.522109;33.0075;1009.995215;1.9872;2.6588;-10.12;0.0468;-0.7995;0.6045
38.540646;-121.746788;12.3;1;33.533818;32.997429;1010.050094;1.9872;2.7048;-10.0648;0.039;-0.7878;0.5811
38.540646;-121.746788;12.1;1;33.533818;32.997429;1010.045491;1.9964;2.668;-10.028;0.0468;-0.7956;0.5889
38.540642;-121.746788;12.2;1;33.545527;32.997429;1010.044073;1.978;2.6312;-10.1108;0.0624;-0.7839;0.5928
38.540642;-121.746788;12.2;1;33.551382;33.0075;1010.067706;1.9504;2.6312;-10.0648;0.0234;-0.7839;0.6201
38.540638;-121.746788;12.3;1;33.539673;33.0075;1010.039472;1.9688;2.6956;-10.0464;0.0624;-0.7956;0.6045
38.540638;-121.746788;12.2;1;33.545527;33.0075;1010.009818;1.9688;2.714;-10.1384;0.0585;-0.7956;0.624
38.540638;-121.746788;12.5;1;33.545527;33.0075;1010.006012;1.8952;2.7048;-10.1476;0.0585;-0.7956;0.624
38.540634;-121.746788;12.6;1;33.557236;33.0075;1010.040267;1.978;2.7048;-10.0464;0.0546;-0.7839;0.6123
38.540634;-121.746788;13;1;33.551382;33.0075;1010.029643;1.9964;2.6404;-10.0648;0.0429;-0.7761;0.6006
38.540634;-121.746788;13.1;1;33.545527;32.997429;1010.044073;1.9596;2.6864;-10.0464;0.0507;-0.7917;0.6045
38.540634;-121.746788;13.5;1;33.545527;32.997429;1010.049468;1.9228;2.6404;-10.1016;0.039;-0.7995;0.6084
38.540634;-121.746788;13.7;1;33.545527;32.997429;1009.956531;1.9596;2.6588;-10.0832;0.0468;-0.7878;0.6201
38.54063;-121.746788;14.2;1;33.557236;32.997429;1010.041856;1.932;2.6588;-10.1016;0.0468;-0.7956;0.6162
38.54063;-121.746788;14.9;1;33.551382;32.997429;1009.964938;1.9412;2.6772;-10.0464;0.0585;-0.7878;0.6123
38.54063;-121.746788;15.2;1;33.551382;32.997429;1009.991581;1.9596;2.6772;-10.028;0.0585;-0.7878;0.624
38.54063;-121.746788;16.1;1;33.56309;33.0075;1010.03123;1.9688;2.6772;-10.074;0.0429;-0.8073;0.585
38.54063;-121.746788;16.4;1;33.557236;32.997429;1010.034243;1.9964;2.7416;-10.1016;0.0351;-0.8268;0.5889
38.54063;-121.746788;16.700001;1;33.557236;32.997429;1009.984762;1.932;2.7232;-10.12;0.0468;-0.7917;0.6162
38.540627;-121.746788;17.299999;1;33.557236;32.997429;1009.999987;1.9596;2.714;-10.0924;0.0585;-0.7839;0.5967
38.540627;-121.746788;17.799999;1;33.568944;32.997429;1010.039635;1.9504;2.7324;-10.0648;0.0429;-0.7995;0.624
38.540627;-121.746788;18.200001;1;33.56309;32.997429;1010.05486;1.9504;2.714;-10.1108;0.0624;-0.7878;0.6084
38.540627;-121.74678;18.4;1;33.574797;33.0075;1010.051846;1.9596;2.6588;-10.0924;0.0546;-0.7644;0.5655
38.540627;-121.74678;18.6;1;33.574797;32.997429;1010.044233;1.9228;2.714;-10.0832;0.0585;-0.7761;0.6123
38.540627;-121.74678;18.9;1;33.568944;32.997429;1010.03662;1.9688;2.6864;-9.9912;0.0507;-0.7839;0.5967
38.540627;-121.74678;19.1;1;33.568944;32.997429;1010.039635;1.932;2.6496;-10.0372;0.0351;-0.7761;0.624
38.540627;-121.74678;19.299999;1;33.580651;32.997429;1010.033604;1.9596;2.6496;-10.1016;0.0546;-0.8034;0.6123
38.540627;-121.74678;19.5;1;33.580651;32.997429;1010.022185;1.9412;2.6772;-10.0464;0.0351;-0.8073;0.5967
38.540627;-121.74678;19.799999;1;33.580651;33.0075;1010.051846;1.9596;2.6956;-10.1108;0.0702;-0.7722;0.6084
38.540627;-121.74678;19.799999;1;33.574797;33.0075;1010.03662;1.9412;2.6864;-10.0832;0.0429;-0.7878;0.6006
38.540627;-121.74678;19.5;1;33.580651;32.997429;1010.056443;1.9228;2.6956;-10.0832;0.039;-0.7839;0.585
38.540627;-121.746773;19.5;1;33.580651;32.997429;1010.068652;1.9228;2.6864;-10.1108;0.0546;-0.7956;0.5967
38.540627;-121.746773;19.5;1;33.574797;32.997429;1010.002362;1.9504;2.6496;-10.0556;0.0507;-0.7917;0.6045
38.540627;-121.746773;19.799999;1;33.580651;32.997429;1010.052636;2.0056;2.6772;-10.1292;0.039;-0.7722;0.6045
38.540627;-121.746773;19.799999;1;33.586504;32.997429;1010.04962;1.9504;2.7232;-10.1384;0.0741;-0.7683;0.6123
38.540627;-121.746773;20;1;33.586504;32.997429;1010.076265;1.9228;2.6772;-9.9912;0.0429;-0.7878;0.5772
38.540627;-121.746773;19.6;1;33.580651;32.997429;1010.04883;1.9872;2.6864;-10.1108;0.039;-0.7878;0.5889
38.540627;-121.746773;19.700001;1;33.580651;33.0075;1010.045023;1.9504;2.6772;-10.0188;0.0546;-0.8034;0.6162
38.540623;-121.746773;19.6;1;33.586504;33.0075;1010.031376;1.9872;2.7048;-10.1016;0.0585;-0.7917;0.5928
38.540623;-121.746765;19.299999;1;33.592357;32.997429;1010.031376;1.932;2.714;-10.0924;0.0312;-0.8034;0.6006
38.540623;-121.746765;19.299999;1;33.592357;32.997429;1010.019956;1.978;2.6772;-10.0832;0.0546;-0.7761;0.5889
38.540619;-121.746765;19.200001;1;33.586504;33.0075;1010.014572;1.9136;2.6864;-10.0832;0.039;-0.8073;0.6123
38.540619;-121.746765;19.4;1;33.592357;33.0075;1010.054215;1.9688;2.6956;-10.12;0.0507;-0.78;0.6045
38.540619;-121.746765;19.5;1;33.586504;33.0075;1009.984909;1.9596;2.714;-10.1016;0.0624;-0.7956;0.6123
38.540619;-121.746765;19.4;1;33.586504;33.0075;1010.000135;1.9504;2.7416;-10.1936;0.039;-0.7878;0.6162
38.540615;-121.746765;19.4;1;33.59821;33.0075;1010.047391;2.0332;2.7324;-10.1384;0.0663;-0.7761;0.6123
38.540615;-121.746765;19.700001;1;33.592357;33.0075;1010.00473;1.978;2.7048;-10.2028;0.0429;-0.7722;0.5928
38.540615;-121.746758;19.4;1;33.586504;33.0075;1010.022974;1.9872;2.668;-10.2028;0.0546;-0.7839;0.6318
38.540615;-121.746758;19.6;1;33.586504;32.997429;1010.025991;2.024;2.6772;-10.166;0.039;-0.7956;0.6162
38.540615;-121.746758;19.9;1;33.586504;33.0075;1009.988716;2.0056;2.668;-10.1568;0.0546;-0.78;0.6006
38.540615;-121.746758;20.200001;1;33.586504;33.0075;1009.96207;2.0332;2.6956;-10.1384;0.0585;-0.7917;0.6084
38.540615;-121.746758;20.200001;1;33.592357;33.0075;1009.985698;2.0148;2.6772;-10.1752;0.0585;-0.8073;0.6201
38.540615;-121.746758;20.299999;1;33.592357;33.0075;1010.02757;1.9596;2.668;-10.1108;0.0585;-0.7956;0.6162
38.540615;-121.746758;20.4;1;33.592357;33.0075;1010.042796;2.0148;2.668;-10.1476;0.0585;-0.7839;0.6435
38.540615;-121.746758;20.4;1;33.59821;33.0075;1010.013131;1.9688;2.76;-10.1568;0.0546;-0.7995;0.6201
38.540619;-121.746758;20.299999;1;33.609916;33.0075;1010.048178;1.9872;2.668;-10.1016;0.0429;-0.8112;0.6279
38.540619;-121.746758;20.299999;1;33.592357;33.0075;1010.07023;1.9688;2.6956;-10.12;0.0351;-0.7839;0.6045
38.540619;-121.74675;20.5;1;33.59821;32.997429;1010.077843;1.9964;2.7232;-10.1568;0.0663;-0.7839;0.624
38.540619;-121.74675;20.799999;1;33.592357;32.997429;1010.038989;2.0792;2.714;-10.1476;0.0312;-0.7605;0.6045
38.540619;-121.74675;21;1;33.604063;32.997429;1010.040565;2.0424;2.7232;-10.1476;0.0585;-0.7683;0.6162
38.540619;-121.74675;20.799999;1;33.604063;32.997429;1010.067211;1.9872;2.6772;-10.1568;0.0546;-0.7839;0.6201
38.540619;-121.74675;21.1;1;33.604063;32.997429;1010.051985;1.9596;2.6864;-10.1476;0.0468;-0.7839;0.5967
38.540619;-121.74675;21.200001;1;33.59821;32.997429;1010.035971;2.0424;2.7324;-10.1384;0.0468;-0.7956;0.6045
38.540619;-121.74675;21.200001;1;33.592357;32.997429;1010.040565;1.9504;2.6772;-10.1292;0.0351;-0.7878;0.6045
38.540623;-121.74675;21.299999;1;33.592357;32.977291;1009.989504;2.024;2.7324;-10.2028;0.0546;-0.7839;0.5772
38.540623;-121.74675;21.299999;1;33.592357;32.977291;1009.966665;2.024;2.668;-10.12;0.0468;-0.7956;0.5928
38.540623;-121.74675;21.6;1;33.604063;32.977291;1010.059598;2.024;2.7048;-10.074;0.0585;-0.7761;0.6045
38.540623;-121.74675;21.6;1;33.592357;32.977291;1009.985698;1.9504;2.7324;-10.1384;0.0585;-0.7956;0.6123
38.540623;-121.74675;21.799999;1;33.604063;32.977291;1010.059598;2.0608;2.6956;-10.1108;0.0507;-0.78;0.585
38.540623;-121.74675;21.799999;1;33.604063;32.977291;1010.025338;2.024;2.7048;-10.1292;0.0546;-0.7722;0.6357
38.540623;-121.74675;22;1;33.59821;32.977291;1010.067998;2.0056;2.6772;-10.1568;0.0507;-0.8229;0.6357
38.540623;-121.74675;22.200001;1;33.59821;32.977291;1010.006305;2.0056;2.6404;-10.1384;0.0351;-0.7839;0.6279
38.540623;-121.74675;22.299999;1;33.592357;32.977291;1009.997117;2.024;2.714;-10.1568;0.0468;-0.7917;0.6201
38.540623;-121.74675;22.299999;1;33.592357;32.997429;1010.000924;1.9688;2.7048;-10.1292;0.0546;-0.7995;0.624
38.540623;-121.74675;22.4;1;33.59821;32.977291;1010.017725;2.0148;2.6496;-10.1568;0.0585;-0.7956;0.6084
38.540623;-121.74675;22.5;1;33.604063;32.997429;1010.021532;2.0424;2.7232;-10.166;0.0624;-0.7722;0.6357
38.540627;-121.74675;22.6;1;33.604063;32.997429;1010.025338;1.978;2.622;-10.1476;0.0585;-0.7956;0.6084
38.540627;-121.74675;22.6;1;33.604063;32.997429;1010.048178;1.9872;2.7048;-10.1016;0.0624;-0.7878;0.6201
38.540627;-121.74675;22.5;1;33.592357;32.977291;1010.000924;1.978;2.714;-10.1108;0.0585;-0.8034;0.6318
38.540627;-121.74675;22.5;1;33.59821;32.997429;1009.978872;1.978;2.6956;-10.12;0.0702;-0.8151;0.624
38.540627;-121.74675;22.799999;1;33.609916;32.997429;1010.071805;1.978;2.6588;-10.1844;0.0351;-0.7839;0.585
38.540627;-121.74675;22.799999;1;33.604063;32.977291;1010.044371;1.9688;2.6864;-10.1752;0.039;-0.7956;0.5967
38.540627;-121.74675;22.9;1;33.59821;32.997429;1009.997905;1.9596;2.7508;-10.1292;0.0546;-0.8073;0.624
38.540627;-121.746742;22.799999;1;33.604063;32.977291;1010.029145;2.024;2.714;-10.1292;0.039;-0.7956;0.6201
38.540627;-121.746742;22.9;1;33.59821;32.977291;1010.005518;1.9412;2.6772;-10.1568;0.0585;-0.7761;0.6123
38.540627;-121.746742;23.200001;1;33.59821;32.997429;1010.016938;2.024;2.7232;-10.1016;0.0546;-0.7917;0.6201
38.540627;-121.746742;23.4;1;33.604063;32.997429;1010.036758;2.0056;2.7324;-10.1844;0.0702;-0.7917;0.6123
38.540627;-121.746742;23.5;1;33.604063;32.977291;1010.029145;2.0056;2.714;-10.1936;0.0507;-0.78;0.5889
38.54063;-121.746742;23.4;1;33.59821;32.977291;1010.001711;1.9872;2.7048;-10.1292;0.0585;-0.78;0.6006
38.54063;-121.746742;23.5;1;33.592357;32.977291;1010.009325;1.9964;2.6956;-10.1752;0.0585;-0.7644;0.6279
38.54063;-121.746742;23.4;1;33.609916;32.977291;1010.071805;2.0148;2.76;-10.0832;0.0585;-0.7995;0.6006
38.54063;-121.746742;23.4;1;33.604063;32.977291;1010.048178;1.9872;2.6956;-10.1936;0.0546;-0.8034;0.6045
38.54063;-121.746742;23.6;1;33.604063;32.997429;1010.036758;2.0332;2.6772;-10.166;0.0624;-0.7995;0.6084
38.54063;-121.746742;23.9;1;33.59821;32.977291;1010.036758;1.9688;2.7324;-10.1844;0.0546;-0.7761;0.6045
38.54063;-121.746742;24.299999;1;33.604063;32.977291;1010.040565;2.0516;2.6772;-10.1108;0.0507;-0.8073;0.5928
38.54063;-121.746742;24.4;1;33.609916;32.96722;1010.045158;1.9964;2.6772;-10.1292;0.0429;-0.7839;0.6006
38.54063;-121.746742;24.5;1;33.604063;32.977291;1010.025338;2.0332;2.7692;-10.1568;0.0546;-0.7878;0.6162
38.540634;-121.746742;24.200001;1;33.592357;32.977291;1010.019956;2.0516;2.6956;-10.12;0.0741;-0.7878;0.5694
38.540634;-121.746742;24;1;33.609916;32.977291;1010.064192;2.0148;2.76;-10.1568;0.0546;-0.7995;0.5889
38.540634;-121.746742;23.9;1;33.604063;32.977291;1010.005518;2.0056;2.6864;-10.1476;0.0429;-0.7878;0.5889
38.540634;-121.746742;23.6;1;33.604063;32.977291;1009.994885;2.0332;2.6772;-10.1568;0.0507;-0.7995;0.6084
38.540634;-121.746742;23.5;1;33.604063;32.977291;1010.013131;2.0056;2.668;-10.0832;0.0585;-0.7605;0.5655
38.540634;-121.746742;23.6;1;33.59821;32.997429;1010.013131;2.0148;2.6772;-10.1844;0.0663;-0.7917;0.5928
38.540634;-121.746742;23.4;1;33.59821;32.977291;1010.009325;1.9872;2.6772;-10.074;0.0546;-0.7839;0.5967
38.540634;-121.746742;22.700001;1;33.604063;32.977291;1009.990292;1.9688;2.7048;-10.212;0.0546;-0.7917;0.6201
38.54063;-121.746742;22.799999;1;33.604063;32.997429;1010.025338;1.9872;2.6864;-10.1476;0.0312;-0.7839;0.6162
38.54063;-121.746742;22.9;1;33.604063;32.977291;1009.998692;1.9688;2.668;-10.1108;0.0507;-0.7878;0.6123
38.54063;-121.746742;23.1;1;33.604063;32.977291;1009.975065;1.9228;2.7232;-10.1476;0.0429;-0.7761;0.6006
38.54063;-121.746742;23.200001;1;33.59821;32.997429;1010.005518;1.9688;2.7048;-10.1476;0.0546;-0.7605;0.5928
38.54063;-121.746742;23.299999;1;33.592357;32.977291;1010.019956;2.024;2.7048;-10.0464;0.0585;-0.78;0.624
38.54063;-121.746742;23.6;1;33.615769;32.997429;1009.986485;1.9964;2.6496;-10.1568;0.0429;-0.78;0.6396
38.54063;-121.746742;24;1;33.59821;32.997429;1009.982678;2.0056;2.714;-10.12;0.0195;-0.7917;0.6279
38.54063;-121.746742;24.1;1;33.604063;32.997429;1010.017725;1.978;2.714;-10.1476;0.0585;-0.7917;0.6045
38.54063;-121.746742;24.299999;1;33.592357;32.997429;1010.008537;1.9872;2.6772;-10.1384;0.0468;-0.7956;0.6201
38.54063;-121.746742;24.9;1;33.604063;32.997429;1010.044371;2.0332;2.714;-10.0556;0.0663;-0.7956;0.6162
38.54063;-121.746742;25;1;33.604063;32.997429;1010.013918;2.024;2.6864;-10.1476;0.0624;-0.7761;0.6123
38.540627;-121.746742;25.1;1;33.592357;32.997429;1009.985698;2.0056;2.7048;-10.0832;0.0702;-0.7761;0.6279
38.540627;-121.746742;25.200001;1;33.604063;32.997429;1010.044371;1.978;2.6588;-10.0832;0.0507;-0.78;0.6201
38.540627;-121.746742;25.200001;1;33.592357;32.997429;1010.022318;2.0056;2.6956;-10.074;0.0546;-0.7878;0.6084
38.540627;-121.746742;25.299999;1;33.604063;32.997429;1010.044371;1.9872;2.7048;-10.1016;0.0429;-0.7995;0.6357
38.540627;-121.746742;25.299999;1;33.592357;32.997429;1009.985698;1.9596;2.7048;-10.0924;0.0663;-0.7839;0.6123
38.540627;-121.746742;25.5;1;33.604063;32.997429;1010.012343;1.9964;2.6956;-10.166;0.0468;-0.7683;0.6123
38.540627;-121.746742;25.5;1;33.592357;32.997429;1009.993311;2.0516;2.7416;-10.12;0.0429;-0.7995;0.6201
38.540627;-121.746742;25.700001;1;33.592357;32.997429;1010.00473;2.0148;2.7232;-10.1476;0.0429;-0.78;0.6357
38.540627;-121.746742;26.200001;1;33.592357;32.997429;1010.035183;2.0148;2.714;-10.1568;0.0429;-0.7839;0.5928
38.540627;-121.746742;26.4;1;33.592357;32.997429;1010.029931;1.978;2.7232;-10.0832;0.0585;-0.7956;0.6201
38.540627;-121.746742;26.5;1;33.59821;32.997429;1010.000924;2.0516;2.7232;-10.0832;0.0429;-0.7878;0.6318
38.540627;-121.746742;26.700001;1;33.59821;32.997429;1010.024551;1.9964;2.6864;-10.1108;0.0468;-0.7761;0.5889
